-- phpMyAdmin SQL Dump
-- version 4.6.4
-- https://www.phpmyadmin.net/
--
-- Servidor: localhost
-- Tiempo de generación: 16-05-2018 a las 15:25:45
-- Versión del servidor: 5.5.31
-- Versión de PHP: 5.5.38

SET SQL_MODE = "NO_AUTO_VALUE_ON_ZERO";
SET time_zone = "+00:00";


/*!40101 SET @OLD_CHARACTER_SET_CLIENT=@@CHARACTER_SET_CLIENT */;
/*!40101 SET @OLD_CHARACTER_SET_RESULTS=@@CHARACTER_SET_RESULTS */;
/*!40101 SET @OLD_COLLATION_CONNECTION=@@COLLATION_CONNECTION */;
/*!40101 SET NAMES utf8mb4 */;

--
-- Base de datos: `orionmsc21_smos`
--

-- --------------------------------------------------------

--
-- Estructura de tabla para la tabla `encuestas`
--

CREATE TABLE `encuestas` (
  `id` int(10) UNSIGNED NOT NULL,
  `latitud` double(15,8) NOT NULL,
  `longitud` double(15,8) NOT NULL,
  `intensidad` smallint(6) NOT NULL,
  `sismo_id` int(10) UNSIGNED NOT NULL,
  `confianza` decimal(5,2) NOT NULL DEFAULT '0.00',
  `created_at` timestamp NOT NULL DEFAULT '0000-00-00 00:00:00',
  `updated_at` timestamp NOT NULL DEFAULT '0000-00-00 00:00:00'
) ENGINE=InnoDB DEFAULT CHARSET=utf8 COLLATE=utf8_unicode_ci;

--
-- Volcado de datos para la tabla `encuestas`
--

INSERT INTO `encuestas` (`id`, `latitud`, `longitud`, `intensidad`, `sismo_id`, `confianza`, `created_at`, `updated_at`) VALUES
(1, 17.20851410, -99.56912000, 5, 1, '1.00', '0000-00-00 00:00:00', '0000-00-00 00:00:00'),
(2, 17.15301500, -99.47134220, 4, 1, '0.18', '0000-00-00 00:00:00', '0000-00-00 00:00:00'),
(3, 17.35870260, -99.92913570, 8, 1, '1.00', '0000-00-00 00:00:00', '0000-00-00 00:00:00'),
(4, 17.98293060, -99.47628180, 5, 3, '1.00', '0000-00-00 00:00:00', '0000-00-00 00:00:00'),
(5, 17.53587200, -99.90596700, 1, 1, '1.00', '0000-00-00 00:00:00', '0000-00-00 00:00:00'),
(6, 17.96448480, -99.77830860, 3, 1, '0.79', '0000-00-00 00:00:00', '0000-00-00 00:00:00'),
(7, 17.36249560, -99.80335570, 4, 3, '0.61', '0000-00-00 00:00:00', '0000-00-00 00:00:00'),
(8, 17.64262090, -99.90395020, 2, 2, '0.22', '0000-00-00 00:00:00', '0000-00-00 00:00:00'),
(9, 17.84433150, -99.28162960, 2, 1, '1.00', '0000-00-00 00:00:00', '0000-00-00 00:00:00'),
(10, 17.86583600, -99.50022960, 4, 2, '0.04', '0000-00-00 00:00:00', '0000-00-00 00:00:00'),
(11, 17.31536800, -99.64982130, 2, 3, '1.00', '0000-00-00 00:00:00', '0000-00-00 00:00:00'),
(12, 17.39538560, -99.40982100, 5, 2, '0.03', '0000-00-00 00:00:00', '0000-00-00 00:00:00'),
(13, 17.28125720, -99.40369820, 4, 2, '0.11', '0000-00-00 00:00:00', '0000-00-00 00:00:00'),
(14, 17.92453750, -99.27083460, 2, 2, '1.00', '0000-00-00 00:00:00', '0000-00-00 00:00:00'),
(15, 17.62907890, -99.32719500, 8, 1, '0.15', '0000-00-00 00:00:00', '0000-00-00 00:00:00'),
(16, 17.45729670, -99.12908240, 4, 1, '0.61', '0000-00-00 00:00:00', '0000-00-00 00:00:00'),
(17, 17.30164200, -99.33786240, 4, 1, '1.00', '0000-00-00 00:00:00', '0000-00-00 00:00:00'),
(18, 17.46420400, -99.83727270, 2, 3, '1.00', '0000-00-00 00:00:00', '0000-00-00 00:00:00'),
(19, 17.96287510, -99.66984460, 2, 2, '1.00', '0000-00-00 00:00:00', '0000-00-00 00:00:00'),
(20, 17.62327740, -99.35221130, 4, 1, '1.00', '0000-00-00 00:00:00', '0000-00-00 00:00:00'),
(21, 17.30325260, -99.33936680, 6, 1, '1.00', '0000-00-00 00:00:00', '0000-00-00 00:00:00'),
(22, 17.77726040, -99.61626280, 7, 3, '1.00', '0000-00-00 00:00:00', '0000-00-00 00:00:00'),
(23, 17.38777770, -99.48717490, 7, 1, '0.62', '0000-00-00 00:00:00', '0000-00-00 00:00:00'),
(24, 17.64653520, -99.27160080, 5, 1, '0.78', '0000-00-00 00:00:00', '0000-00-00 00:00:00'),
(25, 17.24003810, -99.10317400, 2, 2, '1.00', '0000-00-00 00:00:00', '0000-00-00 00:00:00'),
(26, 17.56500480, -99.40197930, 2, 3, '0.08', '0000-00-00 00:00:00', '0000-00-00 00:00:00'),
(27, 17.30828890, -99.69089200, 8, 3, '1.00', '0000-00-00 00:00:00', '0000-00-00 00:00:00'),
(28, 17.52789630, -99.77183040, 2, 2, '1.00', '0000-00-00 00:00:00', '0000-00-00 00:00:00'),
(29, 17.95564310, -99.24182840, 2, 3, '0.83', '0000-00-00 00:00:00', '0000-00-00 00:00:00'),
(30, 17.46467710, -99.34273300, 1, 1, '1.00', '0000-00-00 00:00:00', '0000-00-00 00:00:00'),
(31, 17.33914650, -99.65346880, 7, 1, '1.00', '0000-00-00 00:00:00', '0000-00-00 00:00:00'),
(32, 17.12065810, -99.47411190, 5, 2, '1.00', '0000-00-00 00:00:00', '0000-00-00 00:00:00'),
(33, 17.85523600, -99.72195310, 5, 2, '1.00', '0000-00-00 00:00:00', '0000-00-00 00:00:00'),
(34, 17.37028340, -99.75819320, 4, 2, '1.00', '0000-00-00 00:00:00', '0000-00-00 00:00:00'),
(35, 17.18286690, -99.65387290, 1, 3, '0.96', '0000-00-00 00:00:00', '0000-00-00 00:00:00'),
(36, 17.12847280, -99.46466530, 1, 3, '0.20', '0000-00-00 00:00:00', '0000-00-00 00:00:00'),
(37, 17.13632680, -99.77430200, 6, 2, '1.00', '0000-00-00 00:00:00', '0000-00-00 00:00:00'),
(38, 17.84052390, -99.15673410, 8, 1, '1.00', '0000-00-00 00:00:00', '0000-00-00 00:00:00'),
(39, 17.43663290, -99.95222180, 5, 2, '0.35', '0000-00-00 00:00:00', '0000-00-00 00:00:00'),
(40, 17.42392680, -99.35064060, 1, 3, '1.00', '0000-00-00 00:00:00', '0000-00-00 00:00:00'),
(41, 17.51046300, -99.28850070, 4, 1, '1.00', '0000-00-00 00:00:00', '0000-00-00 00:00:00'),
(42, 17.73499450, -99.80662800, 1, 3, '0.56', '0000-00-00 00:00:00', '0000-00-00 00:00:00'),
(43, 17.64124760, -99.64779350, 7, 1, '1.00', '0000-00-00 00:00:00', '0000-00-00 00:00:00'),
(44, 17.75821420, -99.40329850, 8, 3, '1.00', '0000-00-00 00:00:00', '0000-00-00 00:00:00'),
(45, 17.13676210, -99.24237980, 2, 2, '1.00', '0000-00-00 00:00:00', '0000-00-00 00:00:00'),
(46, 17.91610410, -99.89013400, 3, 3, '0.95', '0000-00-00 00:00:00', '0000-00-00 00:00:00'),
(47, 17.66417970, -99.49399690, 1, 1, '1.00', '0000-00-00 00:00:00', '0000-00-00 00:00:00'),
(48, 17.56240060, -99.63896670, 2, 2, '0.92', '0000-00-00 00:00:00', '0000-00-00 00:00:00'),
(49, 17.21230280, -99.36267670, 4, 3, '1.00', '0000-00-00 00:00:00', '0000-00-00 00:00:00'),
(50, 17.70447610, -99.29693500, 1, 2, '0.83', '0000-00-00 00:00:00', '0000-00-00 00:00:00'),
(51, 17.63457970, -99.55693050, 4, 1, '1.00', '0000-00-00 00:00:00', '0000-00-00 00:00:00'),
(52, 17.93441350, -99.87662710, 2, 2, '0.64', '0000-00-00 00:00:00', '0000-00-00 00:00:00'),
(53, 17.40545450, -99.21826580, 5, 2, '1.00', '0000-00-00 00:00:00', '0000-00-00 00:00:00'),
(54, 17.38475640, -99.51230390, 1, 1, '1.00', '0000-00-00 00:00:00', '0000-00-00 00:00:00'),
(55, 17.39591000, -99.28023070, 4, 1, '1.00', '0000-00-00 00:00:00', '0000-00-00 00:00:00'),
(56, 17.35172340, -99.74460260, 3, 2, '1.00', '0000-00-00 00:00:00', '0000-00-00 00:00:00'),
(57, 17.91367600, -99.77118750, 6, 3, '1.00', '0000-00-00 00:00:00', '0000-00-00 00:00:00'),
(58, 17.48385270, -99.27228470, 7, 3, '1.00', '0000-00-00 00:00:00', '0000-00-00 00:00:00'),
(59, 17.27850860, -99.63232000, 7, 2, '0.88', '0000-00-00 00:00:00', '0000-00-00 00:00:00'),
(60, 17.59357010, -99.86804450, 1, 1, '1.00', '0000-00-00 00:00:00', '0000-00-00 00:00:00'),
(61, 17.67368350, -99.91796230, 6, 1, '1.00', '0000-00-00 00:00:00', '0000-00-00 00:00:00'),
(62, 17.44388420, -99.93869640, 8, 1, '0.46', '0000-00-00 00:00:00', '0000-00-00 00:00:00'),
(63, 17.76392110, -99.92279690, 3, 3, '0.86', '0000-00-00 00:00:00', '0000-00-00 00:00:00'),
(64, 17.68452800, -99.83495880, 2, 1, '1.00', '0000-00-00 00:00:00', '0000-00-00 00:00:00'),
(65, 17.25186910, -99.58397370, 7, 1, '1.00', '0000-00-00 00:00:00', '0000-00-00 00:00:00'),
(66, 17.37672540, -99.67268010, 6, 3, '1.00', '0000-00-00 00:00:00', '0000-00-00 00:00:00'),
(67, 17.88723580, -99.32764960, 4, 1, '1.00', '0000-00-00 00:00:00', '0000-00-00 00:00:00'),
(68, 17.69963280, -99.22813040, 5, 2, '0.26', '0000-00-00 00:00:00', '0000-00-00 00:00:00'),
(69, 17.86473330, -99.15014500, 3, 3, '1.00', '0000-00-00 00:00:00', '0000-00-00 00:00:00'),
(70, 17.26843380, -99.82082510, 5, 1, '0.34', '0000-00-00 00:00:00', '0000-00-00 00:00:00'),
(71, 17.20589700, -99.90456590, 7, 2, '1.00', '0000-00-00 00:00:00', '0000-00-00 00:00:00'),
(72, 17.37999760, -99.25152850, 1, 3, '1.00', '0000-00-00 00:00:00', '0000-00-00 00:00:00'),
(73, 17.99937280, -99.80723270, 6, 1, '1.00', '0000-00-00 00:00:00', '0000-00-00 00:00:00'),
(74, 17.37645170, -99.57563100, 6, 3, '1.00', '0000-00-00 00:00:00', '0000-00-00 00:00:00'),
(75, 17.77097300, -99.90388510, 7, 1, '1.00', '0000-00-00 00:00:00', '0000-00-00 00:00:00'),
(76, 17.87577000, -99.62879340, 6, 2, '1.00', '0000-00-00 00:00:00', '0000-00-00 00:00:00'),
(77, 17.44546820, -99.74377300, 1, 3, '1.00', '0000-00-00 00:00:00', '0000-00-00 00:00:00'),
(78, 17.44393250, -99.75284150, 4, 1, '1.00', '0000-00-00 00:00:00', '0000-00-00 00:00:00'),
(79, 17.34744620, -99.15181310, 8, 3, '0.95', '0000-00-00 00:00:00', '0000-00-00 00:00:00'),
(80, 17.60281640, -99.71064440, 5, 3, '1.00', '0000-00-00 00:00:00', '0000-00-00 00:00:00'),
(81, 17.40843280, -99.15516240, 3, 1, '0.11', '0000-00-00 00:00:00', '0000-00-00 00:00:00'),
(82, 17.66257980, -99.49854520, 6, 3, '1.00', '0000-00-00 00:00:00', '0000-00-00 00:00:00'),
(83, 17.78164020, -99.37486560, 1, 2, '1.00', '0000-00-00 00:00:00', '0000-00-00 00:00:00'),
(84, 17.12221570, -99.86442100, 4, 3, '1.00', '0000-00-00 00:00:00', '0000-00-00 00:00:00'),
(85, 17.65028630, -99.24760790, 8, 1, '0.90', '0000-00-00 00:00:00', '0000-00-00 00:00:00'),
(86, 17.90951600, -99.66713740, 2, 1, '1.00', '0000-00-00 00:00:00', '0000-00-00 00:00:00'),
(87, 17.48982100, -99.18508230, 5, 3, '0.25', '0000-00-00 00:00:00', '0000-00-00 00:00:00'),
(88, 17.31144390, -99.17619790, 3, 1, '1.00', '0000-00-00 00:00:00', '0000-00-00 00:00:00'),
(89, 17.56542390, -99.63915250, 5, 2, '1.00', '0000-00-00 00:00:00', '0000-00-00 00:00:00'),
(90, 17.58972880, -99.47141810, 5, 3, '1.00', '0000-00-00 00:00:00', '0000-00-00 00:00:00'),
(91, 17.28499690, -99.81639530, 7, 3, '0.21', '0000-00-00 00:00:00', '0000-00-00 00:00:00'),
(92, 17.59421190, -99.61656130, 8, 3, '1.00', '0000-00-00 00:00:00', '0000-00-00 00:00:00'),
(93, 17.86834750, -99.89786330, 2, 1, '0.77', '0000-00-00 00:00:00', '0000-00-00 00:00:00'),
(94, 17.13100880, -99.31597020, 6, 1, '1.00', '0000-00-00 00:00:00', '0000-00-00 00:00:00'),
(95, 17.34865750, -99.94747100, 3, 2, '1.00', '0000-00-00 00:00:00', '0000-00-00 00:00:00'),
(96, 17.45095230, -99.70870900, 6, 2, '1.00', '0000-00-00 00:00:00', '0000-00-00 00:00:00'),
(97, 17.52330310, -99.62345500, 4, 2, '0.56', '0000-00-00 00:00:00', '0000-00-00 00:00:00'),
(98, 17.98628400, -99.28649980, 2, 1, '1.00', '0000-00-00 00:00:00', '0000-00-00 00:00:00'),
(99, 17.56317620, -99.63775580, 1, 2, '1.00', '0000-00-00 00:00:00', '0000-00-00 00:00:00'),
(100, 17.67280940, -99.98240820, 4, 2, '0.11', '0000-00-00 00:00:00', '0000-00-00 00:00:00');

-- --------------------------------------------------------

--
-- Estructura de tabla para la tabla `entidadfed`
--

CREATE TABLE `entidadfed` (
  `id` int(10) UNSIGNED NOT NULL,
  `no` smallint(6) NOT NULL,
  `descripcion` varchar(40) COLLATE utf8_unicode_ci NOT NULL,
  `modificado` tinyint(4) NOT NULL,
  `imagen` blob,
  `created_at` timestamp NOT NULL DEFAULT '0000-00-00 00:00:00',
  `updated_at` timestamp NOT NULL DEFAULT '0000-00-00 00:00:00'
) ENGINE=InnoDB DEFAULT CHARSET=utf8 COLLATE=utf8_unicode_ci;

-- --------------------------------------------------------

--
-- Estructura de tabla para la tabla `migrations`
--

CREATE TABLE `migrations` (
  `migration` varchar(255) COLLATE utf8_unicode_ci NOT NULL,
  `batch` int(11) NOT NULL
) ENGINE=InnoDB DEFAULT CHARSET=utf8 COLLATE=utf8_unicode_ci;

--
-- Volcado de datos para la tabla `migrations`
--

INSERT INTO `migrations` (`migration`, `batch`) VALUES
('2014_10_12_000000_create_users_table', 1),
('2014_10_12_100000_create_password_resets_table', 1),
('2018_03_29_041719_sismos', 1),
('2018_03_30_140939_encuesta_table', 1),
('2018_05_15_110725_entidadfed_table', 1),
('2018_05_15_110751_municipios_table', 1);

-- --------------------------------------------------------

--
-- Estructura de tabla para la tabla `municipios`
--

CREATE TABLE `municipios` (
  `id` int(10) UNSIGNED NOT NULL,
  `nu` smallint(6) NOT NULL,
  `descripcion` varchar(40) COLLATE utf8_unicode_ci NOT NULL,
  `color` varchar(10) COLLATE utf8_unicode_ci NOT NULL,
  `modificado` tinyint(4) NOT NULL,
  `entidadfed` int(10) UNSIGNED NOT NULL,
  `imagen` blob,
  `created_at` timestamp NOT NULL DEFAULT '0000-00-00 00:00:00',
  `updated_at` timestamp NOT NULL DEFAULT '0000-00-00 00:00:00'
) ENGINE=InnoDB DEFAULT CHARSET=utf8 COLLATE=utf8_unicode_ci;

-- --------------------------------------------------------

--
-- Estructura de tabla para la tabla `password_resets`
--

CREATE TABLE `password_resets` (
  `email` varchar(255) COLLATE utf8_unicode_ci NOT NULL,
  `token` varchar(255) COLLATE utf8_unicode_ci NOT NULL,
  `created_at` timestamp NOT NULL DEFAULT '0000-00-00 00:00:00'
) ENGINE=InnoDB DEFAULT CHARSET=utf8 COLLATE=utf8_unicode_ci;

-- --------------------------------------------------------

--
-- Estructura de tabla para la tabla `sismos`
--

CREATE TABLE `sismos` (
  `id` int(10) UNSIGNED NOT NULL,
  `fecha` datetime NOT NULL,
  `hora` time NOT NULL,
  `latitud` double(15,8) NOT NULL,
  `longitud` double(15,8) NOT NULL,
  `profundidad` double(8,5) NOT NULL,
  `magnitud` double(8,3) NOT NULL,
  `magnitud_prel` double(8,3) NOT NULL,
  `red` varchar(25) COLLATE utf8_unicode_ci NOT NULL,
  `created_at` timestamp NOT NULL DEFAULT '0000-00-00 00:00:00',
  `updated_at` timestamp NOT NULL DEFAULT '0000-00-00 00:00:00'
) ENGINE=InnoDB DEFAULT CHARSET=utf8 COLLATE=utf8_unicode_ci;

--
-- Volcado de datos para la tabla `sismos`
--

INSERT INTO `sismos` (`id`, `fecha`, `hora`, `latitud`, `longitud`, `profundidad`, `magnitud`, `magnitud_prel`, `red`, `created_at`, `updated_at`) VALUES
(1, '2018-03-22 09:15:15', '09:15:15', 18.21451000, -99.12451400, 12.25000, 3.800, 0.000, '', '0000-00-00 00:00:00', '0000-00-00 00:00:00'),
(2, '2018-03-22 10:15:21', '10:15:21', 18.01245100, -99.78124000, 25.15000, 4.100, 0.000, '', '0000-00-00 00:00:00', '0000-00-00 00:00:00'),
(3, '2018-03-23 13:15:05', '13:15:05', 19.87214510, -99.45121400, 12.25000, 1.500, 0.000, '', '0000-00-00 00:00:00', '0000-00-00 00:00:00');

-- --------------------------------------------------------

--
-- Estructura de tabla para la tabla `users`
--

CREATE TABLE `users` (
  `id` int(10) UNSIGNED NOT NULL,
  `name` varchar(255) COLLATE utf8_unicode_ci NOT NULL,
  `tipo` enum('ADMIN','USR') COLLATE utf8_unicode_ci NOT NULL DEFAULT 'USR',
  `email` varchar(255) COLLATE utf8_unicode_ci NOT NULL,
  `password` varchar(60) COLLATE utf8_unicode_ci NOT NULL,
  `imagen` blob,
  `remember_token` varchar(100) COLLATE utf8_unicode_ci DEFAULT NULL,
  `created_at` timestamp NOT NULL DEFAULT '0000-00-00 00:00:00',
  `updated_at` timestamp NOT NULL DEFAULT '0000-00-00 00:00:00'
) ENGINE=InnoDB DEFAULT CHARSET=utf8 COLLATE=utf8_unicode_ci;

--
-- Volcado de datos para la tabla `users`
--

INSERT INTO `users` (`id`, `name`, `tipo`, `email`, `password`, `imagen`, `remember_token`, `created_at`, `updated_at`) VALUES
(1, 'Ruben', 'ADMIN', 'ruben_rc@yahoo.com', '$2y$10$tUDn.vCUqXRPNrniX39fkeNXPIa6PmpNBeR7avf3Si5nP9EDM0PQe', 0x89504e470d0a1a0a0000000d494844520000007c000000a6080200000097d97ca0000000017352474200aece1ce90000000467414d410000b18f0bfc61050000000970485973000012740000127401de661f780000962949444154785e45fdd7b32c5996e687856b115a1e7dae4e75b3322bb32abbbabba6675acea041021cd040038c7ca3d160147f035ff80833f289667ca0116604c0b71910e8694c0f30d3babaabaa4ba7a8cacc7bf3ea738f3ea1235c86f3f7edc80223cf3d19c7c37dfbde6b7deb5bdfdabeddc3fa3fbc31b26c7753ab25d93a6ad46f72fb9b7ff0efaf2ebf9a9f7ed9ee77bc7ac3b19d322df234712ccbb6bd9aed67955d9645554b6dcbadd55ccf0d3655615955ad56796ee4385e6e57b6eddb61b3f27ddfdd78656655dec6f2addac6b64ac771d74556b32dc7f36cdfdb5496ed78b5aa365f24f3241bf6fa71e86ff23c2f938aad1547d436f42ff06bb6cdbba2281cc7b15db72c4bd771cabcf01dcbadaa94233c2fd9d0b5325f25aeef861e3b5565ad96ad93aaca8bcd26afaca2b26a55552b73ab2c42cfb1adbcdc94ab8de5da5e54959ba2ca2b9be1d8d6a6dad855b6aef23507f851c3f6e3ca7237255b37659ae64556d4368eef6c6a56516ce8a95d5955b5716d8b93b8a1eb54859b154ee5e6969d6c2c7a676f366e957b4e61d7ac9ac558aa92033cdf777c2f6754aecb8f8b3d6dc7c29635065dc3acb6a31f87df6e65f181369aed360d9a57451f6af8c9321f6b0383e4045807035a367d2b37181c73f9d89a7db19f677b0e9e779c46a31984816d331235a41d6cb7a8e19ec0c57d1e1eaaf8ed068139c8a74d3f0c5d3fac5cb7e6725afce86d8a4d9224eb758239e92efd3383a8f98ecb1fb54d59ab4a3a4c27922c631776a21b9ee76f3656a90e57189fbe7288e3da98a510c218a3e570909cb829ac1a28e3e39a60070064aad2ae95f8c7aae16bfc52c9105ee5d8589646f005a7771d0bacd896b5c9b234cb531c4e0f0041a7d3edf6fa0c807117595966b224cdd2512c043a3998be603fc6e2d42a975159a010fc7936c14093f405af393a820f346806e97a9cb672dc8ded6245ba4aab8e1b386e645af2c220aed763ba8099bc20f0fdd07143cbf56dd7c77696e5f87ea041d285a01ed41b96eb1558ce0b9d38b2c2d00b627c83a13cc7abc70dd70ff2b25aa5990d9ae93126a0e14d859de43dc1c9b13cafa87030dd1772c084a58efbfcc6010a331c44009b974c8783705a59e45589edb12bbd6590bc68a3ac36796d8367e42e41ccde58f6c658c0c617151e21ca8906bc5303d772238d13b9043b18c7fa58923d3745ad2c3821c711c1c059a7a18b74122b6824ead58678f11c195f5ec5013ab176f03d5f5e602040d5c31abee5fb15441184b52072c2c80d1b7c84f9dc207464681fa47b3e8db125f2a238881b5edc081a2d7c863dc37a33acb71c3f28b1bd3eadd35d3e72307a1ce35d0c1b0461b3d56ed45bf89573737e1ac407984061c59f260cc1af4c687b392800e88a458bf012ee6acea67218499a15392452014fe88930d868dc58865139f21b8ec2a8ec21abebd86d706062d12d1fe6359c41e8631ff6139d6c61b9a12be26bfa64022549b22449d508840d89eb0c702e54c616fd961915c7014d73bcd991ad185db9817e61320c4fc8716a18dcf502fe628b8c826ff8338cb1b813847610589e2b7885d84ae6e67fdbbef0c3993d1ce3073e3bbb5e92669c36aac7609e96bd206c753b7e48466194d80b1ac2adb00847846c0fc32888688d0ebb18a3c4d42e9ffb9c8d1ec3f1cb5502bfd073424f36136f623d8186c6f2bc3051470253526128580f0b08dd00abdad03fb122f667a75acd238f419ed8585b6cfc21a7626699444ee0fc9890c035663748766881e8b5ed388ee27a5490eb44d1b94e20fac276ecad7dc425da193aa36d9188328c68100b7b7c2e26158d404690838bcb6579c064632e8119e3f21f0d32580cea8244350fcbd30b7a05e7b87497e631380de645aeb37b80dd86f020f4a8d1c4019c5d89a480056a61148178ac4d0b5ec0d9704a00e56110b0b1a13ff40d74fa1e6cc3a7beeb738a042ce785250b56748e1da03a8215ae70ac4da854a2b162fe2d0800140d0ab5e21aac4abadbc87a0053e142b74531be4792265a4d4c6176fa27384a76d44866d02ac7f08160cc1bcb1a8d46bd6ec75031bdca6c0b7ee1a7f419a35040ee535318184f2b2de061408d0b190969505ca99d741e21405d22498a446157deb3bf83b8c000481cb23d27df94794ebfa1ab344d0dd73120f2990016f8441b7eb41bad2681c0c6ac8407a1c01a6181b7246318dd06d95258bcf344af051c6ad77c39c6c66464e39ae7a301a042e0c1512119d8b856e91650c2df9c56a706d9e0472eb66d860f1dd2a876e0a7d814f444e3c73135c244e46e904cf31efc28a5c01f550da3d373624c08153219bc4f46ceb188eca2142ebac69118bfc83780c4035a58a556549b4ced2b352840f59f0288d3e2610bafd20bc607a66001c78b364e8089640445046f0088548af13843527f191323b56df674308f508ffcc03918a5448f315437f423f6cbd21c00868d3abf49f47e20ec6165112d5823162dab5eaff366b95a15057611253130891f851add0ab03248a0651c664c2cf6100192362cab09e6852349ab8ac16bbf047901bc30be5062917bf9a304f29808b448ff10cf8a79686deb2ab1393c05edd08e2c6a981d30c20f7caca0d0f0b142690319d1bf3c41182a0ee8aed496c9bb127dcaa4f8d21c26b3c9659c0f954880d0f5caf54b8e87076551b4a46ffaa3a8642c326be5216475b04342d789c9823546ea857812e38441840a34bdac1af53a4627f135e286ec5e134eb11984a0b836c46068da6ed61beab4282df0837a5573a3a06e234fb0b41f13ee4a2ab630a1bc42ea52c277301d0a9b3321fb504c0d981ff240ed67181b519ee139fa888fc8a5c017ec54da5dea055ba8ef4a548c4bca0f314984e04c8e2a8a0293078836043876a39572e3f03f0646c01abf1abe1158651f611ca96f5b7028a68fe298dd7097318a435088ce182023d711028aac8abc222bd11647f21f1986c8a5757109ece1e26a4e8856caa4b1e40a82475252e397e3d9420665134314dbfb62f7288e94ef25de2434d00d58200823122320245423c48f4081c050e2a0eac1f071a309bf614308537464a33d52a558e545d9ddf35150e25300c0d0b681e547216641c7f0111645566bcc18daa2aeb2728a1a6a1f38017f205fc46a5220184791c600181ddc55081879c67fa82a3c4b972a459d296af85392184ea113e27d1f9216938a9454b8547ee0cd66b3e56a0d526840a8f1422ca868e5104840275200f06234f2806c4d036c27a8a0a3824a40c1cdc015ca4484b511d5ca074483488128871e3785c4a4ef71a8d163e876af284b808b879212ada224aca14032ea3db1a7e28216b07b8accca728e25aa73ac065c20ac306c34ea742acbf3c964428904c680bc8c2efd2a4d697e6f895600c4defc8987395cd6907ca83037d109264b34a5649fe84238319244e08309e5383180862ec15d1ab34b6253b108e9da2cc3b1676ebc25808a528c11f80d5501af3ccfc830f29e52a5889d13f88439fa848d381a5bd357d91ba04119c419b40636e0c35c6514c6256ee40b4522fc09b943fd921026d4b65d91e0c0211ef157031764614c484f68598488d9689ffe9052f28c004052e11eba420b9c1b949272698b4e4668f928c2467c4a2d8a7ba01b4e0171626bba409bea874ca423f98f012b9fa9e7351492458e5567346b40186b1ffe317632614055e9e25b7acbcefcd03b2c495700216d4bb2886e24673430ec23148a9af33ca70fb205035481076e6940f301622b45940ddc7252da6067d0a018a14050e316d0a329121d2fb52b8babef0048c9d7a426859281037ec68e580c9bc32e6ce1039d0c739bf29f91d8be8fc6c6970c816de865d59890475c0f622c4b6091b7e46fce8f2208eb0d321e5e41ab187a817fe2b2cc1970b3d952f4b91ed510ffc3dc8251550501bb34ba834118c75fab70f311c3c131c673b81574f301830351c416759b8f98a51dc97c988efa5979995a5a9121560760c29900f175f8f0863d64125a96f465f4aa9a681578623b4648fba23829380c26fd43f617d7d033358a95342a025c16914810168cff80a33c4927857721c496c8e2600ff22132647740480ee648b08e9caa91bf4c11016d330e1a26106c3fc6887e5497e943040f638c7dac1ec5b8854087bed1b9cd462bf082d1eeeecefe3e70230e7003702310295db12029358e399072bf803b50355114f5077d935caa7aa3d9ee7471304316a38bc83470019a9de555fa4fddbef1301c08a00e74dc980443f0551b786d93278ae2aac019ed76cb31d32c584b90c78a784a8d4af1a2f129a2a3001144802844a197ed9c08c7930f803beab2d858a9a02fc40a019cc6500594423322383311406bb277299e524068779d4f591010e057ce6bfa4c49a2e91c143b8e129de033e282dc0fc838851ca21999ed5c0ad50b76c74c982c8c296a24894150562825369b4d5a46aeb5da5d2a7ebc422944ae58ad56d80bcc70727ac2a929d279e5e2259d0dc2994f67cbe5828d8c3e8cead40374800482e995f93408bd30fb568ad4c8d11b4de19012002003a67df613c9a073c10bb2a21e35db2d4a1006ca20c49046f06261dae31fc4bc2d37c8b48a064daa41a8188494602565999187ab1aa383f05044903cd58da8c0181243875e456d2373d28ed21b2741440108f6d61e8c47a24a933e2e0a4d5357a07343ba57d070bc0a04727458f1cef447fe57e9e46a7614b70a735b88015e98008b2b32a90b401ca9bfb6099b313d4cf314c66bb45ad008091d070d0683d1ce0e85aeeb069c82412a96393f28add56657d74fbff8f2e6f27c9d2e97e94a952d3cad5a8d3816236054ce02315077dac4070e51d00b7840284df3ac8000eb761015500a0ac24269808d90da0a660767b048852ac51758dc71b05d46e8638eafe1481ae284b15dfa263b087624f9144e511aa9349d82c145549840f53d35741cd5dbe8a27abd899dc40c2accb09912316dd03fce05f809308e64ebb6aaa4f0c2820a3d6d1183d22d53baa2762412c92590b302cf709ff6a0257d225141dbec05d5f207d9126dc69f48c4388ed80de5cea961126409e2041ed2444210e10c5ac15b71a34e7fb22459ce175906b0300224a0ce0721f51789c1d4f2944d666606f8e37725358a00f4a8089f0dd814d1021b48501205465e48e9296fa1ca3d073464d46e9b42c855d92ad4d079941221a7046c2940e10d0e0493f882864518aa6cc4f342308ee16f6205e945f62790fba32181ac795f574c8de2a8284aa924344f89c56898dc4bc3ba6e80d36a45cedfe0163b02248bd44da09b28e62f718c2250b28d4e4168db13833a5e6246a2a6dcc0c5f452c6f035bdc36fa5137181f0c98b41d5eb3151fdece9575f7efe4b06d2ea3439abc0642643d861a519f44c5dabc1fb01e8478901119dba24e828e6c50f74689d803c318ec442b1c15ba02e0ceda81e0012d4bdb21ffd81c008148240928d7f90ec26c705f095e516ba92834660d4ca720531a9446714dd26d7b4984ae00208125a0a25f41b9bec1a54085398a001749e87384bf3b5a806a31b4e10134285e25b685a0182e0a2afb21d8589a124c095a7a9380d755ca05637f4962e2245352ea36c893e7cc176f286ce92a17d51449ac0e2c767c43a3f92d0c37c5bc7a4497a7575b95c2e69d238c30e7defe2ecf4e9a3c7f3f118fe64378c28890530d5a68c05f43add2e81c068191620853fb4a7b48d4d532869229d7fd0af495a4a393441e543ae17f9106f81af48f5423f8c41820404aa4021a037c85a1424bd6444e080ba3ff4e89b2a328ca59aa692c6276d7eed58912e06a0153c6eec80d2a357225ec72a8ae4e6fa2259cf691319ca4ba8e42545a4e4c218d4aa8b692880418904504efbd2c405914ec3d01ff99a03517500441851a98cc7c4e3f492ca0bcf181899f128ce0aecb74a60063a231b713ace45629c4e26f3f93c0882b2c8313ada6835999d3e7f71737e0153c46194ae9202e46619486b74daad4e1bda115fe947a989ff8bc3085c75459107c214bc9088b80f998ea8b797bad284b2a048f5811947a0c065449722dcd15072696d40ca7b8e154bcb88aa810836e42e6516495038d5053f8a527dc65880a32f86c630d8ac44fc03564dc9292a3825749ea7659e66c95a103740159b9b83f94d1fb06e92407d9a549454178dc32880cc048ca8de4cd361621dac1a0cf04224ca5fc29bb4415487ae91d2315cc8a72004a52e32312fa212c81349d4fd8d4663b158e009a31443d4739ea437d7d749b202de69b23638b24dc55f1b8c46edfe40a9306e10a60c9713aa4548400c5e436b2a6b68d65eb3c73840a7d45ca9542ec957a8a8aa74bd8211283093749da5ebb2e0d71a1434e37a3daa63b06d91283908eee0dfedc48b54a6668ac52526ee11397c20b5a818403291491000bef39da18a05f244991770fac66d74868751e8be7ef295a70b291bf95c7c645a22926553e00307315e2cbbcdac2098ffc1eabfceac0c477ca2fc48624477d7c358f31b542e51881a015fea6e596aa645751d2f5df695ab3521138dc7e3b3f373f6afd71b575757bffaf20bb8e1ece4e4c9a347179717eb2ca3de87905acd0669fee6e61a5f520d91e8e818de6267580bb3427d1b42af4245685616034a5f6d6042a0b37165c2c28f5b9617cfe673c6221a82946c4c99680ab44ce99241ad454f1c2a8622333894d0869a14d4a4002c80eb843ce978bc027eb10b4919132a791866e6076738dfd98d90d9781b8b62a4ac72dbc37d2a82d9c5ebc0929a94d8432da1306da506c686a2114dcb3aa02d07ddc839c08a7dd5195a07d03ab572aa1b85309ba9c72871745e4dcf6a76c18555a4d954978907d08c200ae0a304d8e1e5cb977ff66ffecd9ffcc99f9c9cbcfee94f7ffaafffeccfbef8fc8b674f9f7cfee8cbc74f9efcf8673fc30dc81802609dac9f3e7d4e51c68fe40d12c571b7f3f2008161433eebf552759f6dc143d03a3ec8b21c8968911435c1d702b6cbc5149c468828a217d0262b064c85694a5385b4f888ee46a2237282862a7a04774a5cc2a388543581c41de634efd807abc85cc6609255bf7dd404f1a6e0ac6a58df8f0e6edf2754a697cffd5a46af8908286a93174ac1e6e21449426e441fa9ee248d5b951b964ea04935988a4254fcff759511365ae04c690973ebea94ba466cad01a06106c6a3ec6e392a74b2845f69519c9c9efdc9bffaef7ff2b39fbd7e7dfae5975fbe7af5eaf2e2f2d5ab93d7676793c5123893005ebd3afdf4938f7ffab39ffdece71f3f7f799224e9679ffd6a329edcb97b87e8c113b859018e9949f5c90a15a26b7a95b54ed0d695569524195870a468ed643e592fa7b005648cad97eb25a2807e317c1153660ea105db8ae23a564ed3048c6b98950a1e3984a8425252551b1da21fe4e146358e19b6d2149cc73be73747212531ef359142a675c3eeee51104737274feb9ed4a14242e6537c29cb49324a90e082ed4786d644388aa99c61d04d8713d0099212f047e5f08726864004d0c2ec0c32cde1719045014da84291b8d4845bf5f2d5c9bff897ffcd175f7c31e8f739239cae04ce8134af04209f42468c1c95787d3d3e3d85872e9224c1d6cf9e3dcbb28c1a0ae2a6ad12db80df6499e709de65c46827558c0538277b9581b40b9ce0a6ab655e64042d19165321bd2954c12745229d128d1bf92efc3a36b14219ac018a6534bd05da3854942ac00143f880e11a1e527ac4c0c49d66d879ef7cd4d73a13710d7ce4b8abac6a0ef63bfdeef8ec19d5181f20ab2826700a64ae836be41fb58d775500c87b9ec4be38dde42b2197f79a0940752910543ca92002e9a4292a0a2c2c80912d3705be4054908a94e16b9bcbebebbffaebbf7efee20529f41a8b8ec7589c172de2001cc31ba56e3383486ee6bdb6d4362b847abaeef77a171717e7a7e7776fdd8e6036f4ec6c7c7d794ec73196a85d66b0f11064c4304254be6670e9d286a4929b8f4169182002033ac439852162a6cc655f709b9514043a2f5020191ae6318da0e0695b516b84846cc49838a7f2b3ceaf794d4601d223cd5f6bdc05a5405ef3a2ceb0d16e61f4c8434aab4f4599a02ce52921dda1d68004b038091cf1646a9ad09c42a140439c5ed595e63d7419ded21b82a802d37480edb23bf0294a5c01f4e827f0049be3c9041e3f3d3f5f2d574f9e3ebbbebeda9a9bb1fc4fbf8d9509338a3386a48bb48c8881a1a0d0eae87ab63f7df2a4dfed1cecefb3f77a36bd3c3be708d4125d25fa75a133852ad47dc5036c220f92f31d4a4d06425e68775bcd9812cb43c3d03846a0e792d6d0203d36572dd417a4b84a01fac3e7a4c0add50d38d42b15a50613c2bc6a12f430bfbf35a40cd34e6a9afc53d9cdfeae1b7af3ab570d62406141df520e90ca27202a7291daa2192313e9eef62291f20681057841b4228e435d8f5da5df455e8558cce44c8e219f6d4d389b4d51720892f174fa177ff99717971444ebcf7ef9cbd57ac5e76ac5d87a8b716d90fcc2a3a640934b5401693f827fb3c9d2743219e3b3d3b3d3e1ceb019c7d93ae1cfd52ac143049796b2a405714ba3908c980fe0837a6ab4285451ae0bca6e1491b068560dca7a44884a1650e350a1c0dc789a6ea833123c005224a3490331897acc0ffc2101234602bcb005b9433362ceb777ea9ae564377e1c67996d5ac3bd200e97e3d39028311a13079ae3f127e1cc2045526204c60959bb947f72acda20800a8904de0279d70fc8d2c42427e69c0123d3da133428bb29e8e8e77ab5cacb1c5bfffdf7bfff831f7c7f7777ffd5cb9770b47acf29d9f5d72fecaed8d4553a6305195d55d7164dda9301e91399633a9d5e5d5f1d1d1d455144d750dc20822cc27935e90847236a24bd30ba92194d4561a8117262b90febc85e9a3824399a74257b9959074d60916f4dd94e27c87832bdb192122be3d2a195e64534c7a98424c143df540d55ceb776a2200a748581de3b7652d6e2eea8d16d25d37355669a869106000754bc1c49fb26a40473732eb1b302854dfa4b71a8c40d28303d8187fa56072a52393f6c30d90c1547d682686be449151755f5e31fffe4fa6682279e3d7faeb6d51c2fcd19f162fbf60d2fdc05aba8c3ca51f89433c91f5f1b1d1bdb3684be5ccc978be56867341c8d2846b09bf13e3d44ed61b51443a22e55bfd83e50f27c171d894ed0e53b13d6c83f950ecaa0ba74adea9da2985239a73ee5d482050317b66b9afba3145397cd59647aa181cf15adfca26370a0669e3e1a057ee8d2364a0fbd9d6465b3d56fb59aebc558b3fc4aca92e7ca9635d2b3a34b14ba3087c8257588a7e068f84aa7068bba88aa8a42dd1012342d66ba041d95fc4f051775b4905690af56cbc5d9d9d9d5f5f5cb57af7ff1e9a793f10d8c399bcde8225460205ce12759d6009d3012f434802d9313dd06e08c14772a7909f5260e2c0ac8f964cac1f546bddd6e23d549ab144d585f3142d59fe7aeb2020d529697aad7d47e2e618145294a495f785890a4cbf852744dfb85adcbd60a28e10ec6676885ae89059e661b217fbde8099d9529344744e7f80407934a3fda09bdd0a384229b53aba79b2aa0d46bb692644eb62b3799ce4fc30c0f654216a5835895d319a50489c32190379d00ea9a9d935c45d2b8e458e0c80995c3c53f1a28dd01111016126cbe4ebef8f2cb1ffde4a73ff8f14f3efee5af2eae28ee33808f3181a450f9b562710a0c04cce46f3a2207aa59e5213a22312ba9641ca11ea86322373227c642b99f9f9f9160d983884ad62b6865db068c01cde30646c31bdf0f6882aa4a43c0f4ba080e19e124adc9e644c408d91e7b8056c20c172856214c32acd624e95a91e6c5f4292fcdcc7c0d0dd1b92207221018bfb35bb73c07ebaac724d27c13d45b8d4e274da6c42b27e2744a515aec20910eb4d00bb46b3bbe0287e8f003b60b739a0e120ad90cc8e11bce8493e99b2c2fc4506a32b8802132d0f932f9879ffcfc179ffdea6a3c5dac121106fea553e0879ed22764055d102d411d9b8043454f9b28f0bbadc6b0d3ee3462aa0cf2b627c92b13210d4c78ab29a4f83a4990925757374f9f3d435a0f06c356ab9d26eb2227cee456c8d3f0b2aa6879d744121fd05973e9437983b0c6e16677c29af6ab5a61548590a7429d58a311cdc7e14a8d9e8e43ddbc3420e1906817420a894f4cf3ed41ec459a8ba0de423893dc1bed5e773098cfaf554062749289ca652956810b0f68ed20b610d26555c703feb85479c4231ab00fd250d596e846577505759d156163e69be46edbb9bc1afff2cbc7f9a65aa75a6bc638199642560ca111324c6a8566e00ddb8d077ba37b7bbb777686c7c3debdbd9d370ef6dfbb7be71b776fdf1b0d0e7a2d76887d15b6808c6850d740847046eed1168c7979794d594bc1450520b42a43963ea2d8cc7c733251b7f41f7d565921145ab5801de85991d386ec47e62dd0e6350a6cce4594d0534e24012756827ef11a9bb7578a18334816c2e52a0b212f5738df1ac4b6d6cfd14f11545e50a3c751ab01bd905cb0b85515601b83230db195fc268a937635d69161954315f2d237e0854c4bde519b0a16453c965408c345bab62ef763852fbf7ab2d215b20dd2c54044a46f0cce710e663c1c0ddeb973f8edb7eebd7feff0bd3bc76f1d1ddedd1fbd7dbcffd6f1c1bdbdd14e2beeface5ebb793cec0c3bf1eea03f1af4b0551c781c0b3234636c0645af0411cb1a4f27a7af4f0f0ff6e338c2d0409e4ed231de3304ce8d9ea1e8d09fd4a355494f452b2501cc8f10815f30b14640852cbe12a2f1363fa15937c94973cdafb13b6357314107844923e7490d2a0c3fecd76d5f55fe165d9cdc7523378ad7c93c0e489d42099dc25df41d2c4022328f029fe30916c281e0c6c0c623481795c3a2188683eb39a9884f7d1753eb3a285872ace97c767679bd71bc5f7efe886a9eee127df268ad8a3c67d46ebd7beff647ef3cf8f0adbbf777fba366dc8ac366e4759a71bfd3a46ca913cccaae55e03961e0045ead1e86edb81e549b3b3ba3e3dd1d1abc99cf3282529d62c8421e5d9c2c16ec391a0e803939934fd191264f2a6de22a62711b04840d03130ce818e395ec51256c7894c0b7810b5512b94592bbaabc2d1bc9ca6006dc7b5a06a00a8eb1132da5148cd4a3eb7cd08fec10d28411f858ebfd10adcdc12049e7815b1040040747922a312e96a41964358390af55215341713603737a03bbd159e3187ac8c91522ca85a00dbfe8427540e275ec559a7dfef8c9cf3ef9e2f472a2fb57f02dd2b7aa759ad11b073bdf7defeddf7ce7fefd51af1706d4af0145b3e7c55118a30429d0cdc20a4da2d836d90fc69258a9e9aa9e5d96bd5663d045b94428ed9bc9741be73ab732853c90a709c5aa14a6b190e2ddccb6e3173aea6342313540d1927383398cae169415854c0b2422fc54dc961b58429946da0c08114f04ba78c9f5d1450800ea2fc14e4c47889808703e1cc44e08ee213f5ca87b0f2a3b88db2dd2b8671556857ec288a6dbae96410109580b4848633374e97fa0ad5dcc2f118cf2b4d10f22395c2eb2dd225d730306feb56556fcdd3ffcfc575fbd8480d923075c9bb2dd88debc73f89befbef1e1835b7bedbaa650755751ec8518dbc7f08a26631d55885a908aacc03212d4c4a8149e892ac24f6b2283fa6cb1ba992d4ce7e41663b38ac06a35e2d170680a2c46ad9bade8337d00c166a58259b8c21b8063a6d8604b1a61f89a26c0acec278c1aded7a43663de9089c19898094b1a9f1545c6c74ad47456b3082013876238978e18986f2714f15a88fe434e52cd8b81492ee05fdad45c26c596848aae47195ceb62a116c0f2892e74607342196800704e2141aeb0d53ed8890ef15b222c4b937c73b34c73f43869ac58f3195d7ffb60f7a37bb71eec0e1aa1ea58cd52868d50b761986acfd3d54b7e034c284a138d52cdb2062e00565a71a16e695888fc5e33ded91d04f5706b70184eac6a69bdfdd9d57899ea029c62bfdaac932c9762d8d4f24486546b68542d9cd2a5c0b444d4316821c64cf456158c6cdb284e5958cb894c2f1408fca7dbbb409d841ffdf4b562b4d23a75b303d606afeaaff13819d90f90e8a20de50ff0e20335594a90ae10b90c4ca8011c34c12659b0644f3328366866469c67fe512f2b206141094e5552c20303d3d1d6f5cdcd62bda63121a3e453a751af1f1deceeef0c1b75ca7145a8e7c345d85861421f09c2b460fc042d4505425f3f38709dad9222e5ccae6747a15baf433fb848937e2854e848ec86d3240e45739c7432192f1673ceec69e58532969438ce12371a58723ebaad696b9d4bd4a09b52b4fa47abad4586f45a3336922b703768d36015cd5bdb332adc678c2ff3f29bb64b1b8d984bad6b028503746d304d9274b54ae819766378ec424f54e518d56c3a4ccff0a066e7300c7e0614caabf206614043c6e74872ade58163525d2f12a45001459a269424ecfae4c9b3f3cbb14648801097aed36cd57bdd56148167dc850f85a1345b5146c200e66f46a41cc189401d74ce6f0433dd340b35195b4924905a895076a5c71c85d18330e228998251d10f5d93c868d3a80e2cb0214bc4519c315caba66b2978939e6177c18a209594498b7c9dac3136c302b434425a5375abc8dda405a0540543286da90fa8612d5211a09129641e9c4222d2121a885243a797e8a4344be565d35f4ecae0e8a6fa2a3c0bcc6212a940aa57a9148142c4618ee054fa031922762294e56e295c4143ec827cd5ca5e213f21eb6d430836e5bf5aad19c7ed4e9dbc09dd111dab54f3e35434b9eeabd4b531a3f1031385f810843aa59044a215b0e9919ad755b814d328544d86d4b00dc8e9375da37f0c97137f1d7974b5662549325bcc0dd728b2e5c5dcac85db58986329cf1759554b3271bb02c0cca7631c1a945da44ab4464c6f808a2e556bbd844cc5c8b4d844cc44f3f09f740f46932595e5c4e9fa2d3ccbc54a81a230255c1ac7443a11f53dce11bcb50e8be16c8dcd98840af061a6dacd36442d5da063ec9bd159c117972a32b54c48ce568695d4a1d668c5d43720de066b2b424eb9954e068e17e8b7594ba585f9b48c7d9559a86d5bf5d6a0d91a369bfdb8de76fdbaed86c4740a0d51b09005b6a8541f8cc1e57b815437f7aed7a6bf74aa966699506cc0c3cf1655b019564657e83e6bc8adaca5c566855f290d8d0544e5357beb54194745096f18286ec335d08aa57e68983a0b12d7a9f9fc10878a38b84f07e88c9a5cc11c701c0488f5c957861e5cadab29cdc536e40aade0685299b9a718af614c6cbbc5175b3438f332d8d787f85e79167061b7a2984ea6ea070d4b3ac984649cc0f3f188a21b5a881b8d4ebfdeee37da837aab1f363ab61fd55cad3cb5bcd08feb71abd36c77837adb8b1a41a35d67b7ee28ee8c8266afe645c830c6d66cd625961487a613526c22180ac6c57cc969523a235069ee700b1018c6a06e637846cb5b4ca9e94a4388e2b0bea0049d2146e97e238c02c40faa418b616007a9cbad68d3e964022d3717ef1a5f8a2141afd28c624d11472b5891adf09de2a62a49c0e45f424437a03a5a7788538db1b4ef3666b71d667f931f380d076aa08a03956dec6278442e91e6241ef80b0408874a38a2d74ebbe5f91ef4c0d151dcc0a0e63eddbae3c73537b2bdba17b5fcb8edc52d8f98a8d749fa56e817643e7cefc595135a41d38d3b41b31b36dab61b10bccd5643770a3276f5107b820e4eab20db423b818b943eb5444291c7b98126dd8527a0b522db14990f2875e4963bcc353a195dabf27fcd1fca39292e62b3062542d65f1a2a1fca8d2635aa07023c790465a4b547a405c50dd95247611e3ec3f0b295d1da7294ac474a97149442c53b70bba5db0b343daf15d8a69cd6ec18be916ac6ce6c3047321a8d5c345156ab4ca3671b5d2f6b0e3a7cd08cb5d4c9b2fca8ed871dd76b506c509b9596bbc9205f4df622d990ba244b4874b55cea8ad07a7dbd5abc9a4d9f5c5e3f1fcf5fcd925737c9c5b25cda1ef991401c909d9164b2a9f857633394a20057e0d1a053669aea800da12ffe67a4936d6e32ca75154c755fe9506c3300f5568769f16ea91bced196442647414b66664c46a6012dc602581ab67e7013e704a7b4ec7c6b4445a7499f8c4fb497b329ac56af43ba0ea058537a6caa54bdd4dd9ae42e531f08ea68627a82ef44643a93464142a369dd8e44d06270ce0ae51123e4271d8410252d56d5f77ff9fcec662a48c9b1f67ebff3d6ad9d3000b391ed370b3b5e14d61c8d5c6e322944c889ac502843add73054b25cde8c6f6e66b3d767e7bff8fcf31f7ef2d9a78f1e7ffefce5b3b3cb17a7e7afafae67881eba457f4429d56432c186860fd1d6aa52f7777686fd5ea4353d843fe30064e65a8fd6182af0e7690a48ea71088054b8304e86cf6055bf0a680c95d45ed4ecd45cd501778c04b122ad258ed7c0f53280338ca01664a30ff762e8832378712a97bc91558d6ed7aa1581eeb4131e4c390b57e849054a0f721dec22a37326329b824ad32fb4b3058ff04d0cd015a24c958d472da7ebb674066891e77ef8ab2797d3a521d81a03b87fb473b0dbdfd4fc69b2399b27cf2ec65fbc38fbd5e3672727a71717678be5bc2a53804866d04c6bba9e4f6737d3f1e9f9f98bd727bf7af4f8d98b93ab9bf164311b4f273768f0f56ab94a6f264b65682df57620e72924be0587d454ed687fafd76f0744e406a1a2b5952685f152a730e33acb286b8320d0d2124dc681176939539860158937c7f3e0182d2b7388710895c854e6a6a4c1d62aa5343e032d5d2dc10d20b8723edc89c5e60a3663aaca5a2565bddb23ada21a846a22d910a1295e69812ec012945be66a22948d6931377830c24c4637e0855c94ba3513647232e1b995ac569514e54f3e7f76355bb11bdb5ba1f3f0de511c05e793e472b63cbd99fcfcd34f9f3d7d76feeaf5c5eb93eb8bb3e56c5ca66bb854b3e614b389e6c92f6fae2fafaf67cb05d9a3e107bd56f3cee1c1c1b0bfdbeb6ae6cba50e7467d30586c0d04118434438437637e179b4bfdbefb41172f45056f33c3943050dc615c5c318badbdd7108914cd734e02a200e53821cd1946c019b1b602b4220906ae31b569166d5d563999c4f55c5e9fe2f629f5d36ceb7870d5d6a553213d409b224af9ac341be49c53aca2df4596511c101a691433ac7763db5148ec90f1026a7c5e622718a028ed3035e880ff85377441987b33fbec22d0cecd3c72fce27bade4f37f67bad7bc7bb0bb0b900c6541f65ecd6fa71d88f82b6efd51d3ba2f7ba324b0592d7ca9c90c718187dba58b8bedb6fb7f687fdb7eede7aefed37dfbc7d3c6c3574db6f18d4e338cbb3c5728999a97d88d6f1cdd8180b93d6f647a3e1a01b07345de9b63ea14a57cfc592e246ed130113444ba1480756882be282211ab3c019a835c6ab19400dbcda60301840809348af081ed9462b0ed09d58038296b79cef0c5b02223692f2900b65f49d415e24810a79ac251faa4886f6f4c2cf9c55312b406b7ac0d00b67936dd9093e6160a62014b3556affff1f65c623557572357e793135c95ddcd26dc69345d2e90f0e46bda361e7a8dfb9b3bffbc6bd3b87bba34e1c766566659838f05181bd7e175b5f8fc7447d1085dd4eab11ebe698288e71ea2a45a6e7d3f934df64a84a7a0a20353159b3ae6fc6ea2cb9af56db1d0e46c35ee849286b8da01629a88c004ca0a4d864b07dec6a913071c048886a0dc4048a081e3b6059e1cf4c2e51dfe86e223ee005a8c5a5d85791ae3b14952f319fab32b672bed56f1a916e1ef480b51c27cbab76af9fa78bd057d507b831210645359a33627486016009436247aa554a46112710037d3e6384da0f0a430e2a319193b6c594c7a8219ce932fdfce539620158bd71eb5003f6a23b877b8338b09275338ae843a09ba05dace2d7502201ef7ddfadd7a320f201d7643a9dcee71c17b82eb5cec9e5cdcfbe78f2d9d3571f3ffeea6a36572e2bf31897f4fa945cf492ce4ce7b3d56a01561848afd53ad81dc105192a15e7db6ea47301555d04226f002aaf665135c94e921a8433c3d67c0cd5296e02055b246100d2b55407e12ebe2068b0a8fee925ddc48e700bef0aa90da15b25acb905df283c9ad1fd083233799248c16f98cdd484aab8b0bb298508765d7600351243189c0e88b7182dfea76923670cb390647416b54e4f54bcdb9aa73561cab9b5422cae773a5dd72aae2f4e97f3d5ebb3ebbffee1cffef4afbef7a77ffdb79f3e7ebc5caf1a8d98688597b3a248a920f35c3028f24eb30ecacf4eaed01a4f5f9e7fffe79ffdf4574f3effeae52f3efee5f5f915e14d84765a4de22308fd46bdae8e0813b555b256d04a7c0b55eaa56004db18b42265746f912e3e19eed47c3101adeb2cf45e09cc852e31087a415a0640f1dbd1935718386db00feda9a2d41251d1bc99acd576e783618c6fb5a7228b0ed4d24531dcdbcbab9541a86ee6e09c9e1f7204e4067ee8295da297500ca160ae98aa08c2a4faadd95a595821458f55a6e2081c83fee184580a6ffb93b2f8f2d949915560fcdeed839d7eb7ee87b59204993c7efafae9d9f8e9e5f8b3a72fce2faffaedce804229705acd88141a0721618e35d2d53acdd276bb69fbc1aaac867b87bdc18080b8b57f70bc332ad7cbc875fadd2619150a823c519eab55727905c3e0ec0d67dcdf1f1225559a2b41f9ae72118640f0020cf4656551f167526a9a8bd52a364d762a2d9b4b36d4e792827aa3e132303eb7081a15e86cd17f3081f21d9f144526c0eb405dc4d00a2f9d4a61a2cb7b456af5f676cbcddadcff1bd0418a04194bf9bc6427dca5bee9650a54f0adf963a512f28216e16e4f23c4e34a8d85c8501c98c42bcf806fdf992dcbcb9b1941707b7fb4d36d84904ead3a3979fdfcc5abddc3a3a35bb728afdfbe77efadbbf706ed164697d2afd5302b084d341faaa514447aabdd6bb5db511c1c1eeebf71ffcec16830ea353b8d706fb7df1f501935bc30d0a40a9494976717e784cab0ddba351ab5db0d4e8137188956a26133e901a5c1ed9338e829c3952e3797201886d29456756309d5dbd815ab6a9648ac22de9695b771635ae3006ca5f16bba893f694917a6a9b343a0cc4e849a9ac86a83bdbd245d04d0a8a39b5f0d480d039182a44730a32313eac6758ccb515f5387217b9d135e31b10b0d72ac89389c2fae51ad4074eae17aa5f7e8e50995e9bda3dd3bfbbd763306334551ecedefddbd737cb0337cffadb7de383e6af850b9536f0494a0385433416a444bc157a91eab83e081671a71e4531c53c26d72afb6897c7b34ea516ad04b52ba6cae79bf1a9a07d0ddd9ddbd3b18d6a3502b87a579b5a0e57fe2194431badef122106df02a40196e20c6d1cd465b53b3a82e618cc0c99488d80503e30ac0636e16651f54bc7029658409446b4a750c41ac8c8b4cc86c0fe3403ea25902882345cb6400e0ab03312e0d621fc4a2c1bcf1b6261181033bc2381ca343e46df34f3e67933aa8bca217aa78b7131f8cfa929876ad1efbcdc8ed351af7efdcba7fefb0dd705a5ee9a7337b3909edc2b18ad55209903ed3196483c493a4a7e6f37879646c735b583e1d0765ea95d9b0d5ecd4891e3d9a87da06ead5b0b7b7af770983a817d4bb1172de0be350936c399597502555acb9412351c4196cce90aa25bf39bd7e30119b65628dcb081ff0c4318a18b35a864f78afcf0564860cbd43f790301d31e6c4a8080b2286a6f001c44d31c651b4ad7e2a336aa64dae90165435c4b9c5e33891dd8c03b59b093eda636c6617737279417f9a97d2a67ccd51b55abb1e3ebc7fabae8b925a8e4d41615611612a37a895a155d4dd4d64235df2d803e0d85acb547ccf2304b7e28de1c303bc09bd900aded103379d4610b6a2088923faa4cb9af972f5b44b952d4e1cd577fbc36ebd11f9fe6e7f80023160303504fd8404149c626b7e34cba47b6819ac88d5cc67e90a5a91eb8a2e834320730e0502d093b939cc086f19815f0a704937630abc55a0fa0de049ae42ba10be758ddca2b54e02af3859e244a40fd96da7ac6890b600b8b620a1d4418ed249d48e2603388f1847db351e7630738d9438a47353e828e44a24f95eb749c236a7c244bac6d2891b3b8341b749e28c3cbb16d856179908956d2acf0b1d3772fd4659f33636d93d6668e2df2018f421eaae6b7ba87433454132dce470d0766a056673619d4d58ab0dea8d51b719f956b7592fb37cb15cd0715e1c22e8d011bd21388cf260141291ba286b4c8711a5c68435335cfdffd743c64f6c636802b830268b0b60e632968124c4a89bf8e567c920ac8a37a467ed2020596131adfdc02beca77e1bec2a4ca1139355b7b18d1794cd1d17aa360ed12a0cf5da640f1d21b6c3ca4607e1505d8b76f4d0a0326f7ad6f1b047c6b62c6c1be15ccfc6ae81ab8be116fad9f5827ea7177ba1ae1d4893856ed48a34693e7082bae50400992e40f7b056bbd76bf70728e6242fd624a595ea24740ea3355502845838795ab76bfd167c8e8a4b752341415a5130e26f5e06626815493a5d56d31c0bb4a0b031425a1512295fd7044df463200ed0248b6111a1d138409b31a2c139c6007cec8f4ae243118874a77c803e043e580debc87c85a65df51e4f6a821ecda972c044a3bdc936a5a99e71800ed25c33efc9f00a22154c020d59d49c1f79494344962e1f0105d08e0d4c64be75fb4e376e429f885cdb460e39495224eb2c4d526080c20601f3d97cb95c11b729d6f3dd2eafa6ae692ce99e4aa670b2589d9d9f4faeaf29709a88f112f8e79a52808fb3842409e9c209ba14cee0cb7537b43b8d68ba98656541f685afe83659cd468f69748e1b46b6ef0bf2ba8ea49866231a99b18bdf8210f37d9d3d19bbc0cd6f5ec21b9e00c2e0d982ed28b47433a2657c4eb0720425988ceee8662cb6aa6f0a1ed94fc8dc001968c0a09d6d0a103c890d85f28d6ec4e425598591417e99a95602331ccab88ddd71a1825726d681b486f22d2c731b8659f611fb4183b20bffe973d05d26598ef62724e230c4ee5a4b7d739d63bc35c825dd24f3c90d6f66e9ea6472b35ca7ae1394957d7d797dfeeac5e9f3678c0cea37976337b2bc966d3ad86c4d319a65a57469419288c2688223c5687a5c83c6c8d8349fe49540842e99a77da9f36690e44d84212ca1f4e6782a58008f66c1f0cc96db75cf3c816f18d8843e256d8d020a07e87d09cca9a7e88ca84257a44cd22ccd249999e2e12ca243624af9549dd25434a6d0b53a75432df111318f7bb7b8e6b7ecca51b2a8b1b7a2426c26c10ad9503a903f54060310c8b35621b575b9514cf4353449a852fe815b776afecdc50d85a59625a6c58b272fa9352717e397a7e7cf2ece5e5c5e7cfec5a34f7ffec9f3af9e2f66f3f97cc6b867cbd96c3e112bb89a4c162a2cddc3783319eb01a69acc2f3d146810ae8b6291e648573c4c91052472dd5ea4e40472b43a54a6167c6571f3e2bdab59528b4a55e8e3250b385f2f08dad412430872dfd707c920fccf04818867e36901068789cb4d4460455a9026c9b2140dc401f854ee070e2224e5458118992c72e66f99df0481cea4bfb484409d83d7f49f5ac6c96c2240159b8a976df52c9e9267290c36559eae577991ad01b29e2764daab6a54a793eb49e879b11fceaf27b3ebe9c98bd79f7ff1f8ab172f1e3d7ffee8f193d57c0d719d9f9dbd7cfa3c4fb3c170d8eff7d27c4d10526248536a42bf9a912b97cb106c47217d72fc20abd957cbd53c295035d208e00a68200a8436fed68344d50b0253e087000430331c07f284fc540b09671ab7425bb3afaa0334788c6bf2193b9871d024c76d6592b1099405ef9a555b725009a6a943c300b7301eb0c8f1c651605a463746a50792f068474504b4cdf0f8d4e170d84ae9526857d274e109195accc79e86748ce7d40d436e96ab6b75a2f0645de8beaa35fd571c17f0c9d2f5ec4eafedc7412d2b3bf55610c7e737d72f4f4f2f2e2e9cacd8eff6fabd6eb78fceac77da1da204ba8dc21002d393463c9f136bec352b08f5d05d15f7ae34cf749d5e2fd3b4e690436db37a9b4fa5ac655fb3d083ee898e1d0c6aecc488c981622194e3768b866f62094b726a36f246e6da7e0ec8f40e1fe25447f36154625ac86b39df1a352a2fd065675c87762c4af2d8e18337614e1736d45dfee6684bab99f2b24a911dcac2928f6a10fb33184e2601a4d4a8cb7850a8aa273110436627ec9eebe6473dc9087f6848baf2575ba68c5a6908d9073be9865392a9468f72d7bdf5f5665ce9b6c7c2737c9f82be194366f4dfb79d4e1ceff4faa3bdc1cea8bfdbef626c31a6561d6f17bb09562932069661dc9e97e4f97832cbd35cab4b1b8d595ead3178e0932b55290047ba1736d8956c8046f17c651a54b919972422e8a2639808d6d85e6882e2d9aa6b89aa6cb480d22c9d009dc23e1d60a0e00c59a1c3f94b5ec034aa223195a40c1d4512f127fb68564dc9582ec525b9b978a1cbdfbab8aaebe3ba2117e329068557d11456d6e3be41a9f20a68d6f570cbd17cbe8c2c1f830597205291446fbcd222852b2991f6e8689e11a0781237c00a8517ea7903307cc2bf461cf79a7bfb3b6fddbd7b38e80ddbcdbbfbbb0fef1e8fbaa461aa783b77ec799ecff372b64a21562a488285a6e8998a4cfe6995bd812a560ca2ccf1125d9dc81587540f42821ecca6d9255b3774710c2f4db31b198e7d30273ff086b19db6c02b26e2a591a85a5dc6af2409fcd94ba450e8a1589a90a77ded8f11685ac7ca602443c9145d91c22f85e677e458fe6155790302517e5736a035d596880f36e91470904e2412117f1b2dc3d82410cd32402c69eee5c5e8b4a488223c94df2d6c8af54ded60ee3cd7a3dbb7a5b839ae5a67c5222996e853b017b87110eef7fbf76fdd7a70ffcead5b87ed4614bb76147a7a4842e02df37c8a3c2fcb655e24789113993204731349f8557dd41aa570b24aae678bc2aa56c95a3caa31d247b122759b8cc1084cbf8559fdc1c7c6cc4aa546b08843a8b75c3ac970d98dcf4856a251a32814cdf231ec8b11710f216fe754fe0a669bdc916755ae1acb9c049892c7e1797902ac6b534136b76ba01bf70085b5c281ff8c26e11fc0acd548fd8666389c04a5f4ae23893e0dc8e4064e2c116f52a96b6654b682876e1072e636e41a8037cfdb170e40c822cf1798cfdc58d409435797dc26a8114275b15c9f5d5d27cb445fb72146c308de6a535d17e5559aadd2728b1b4cb8b59839bf74d2d56afde2fc7a952682946251df1750880c0d1ce904350ae925cb20468ca99a1f949b6766eab23abd55d46ac68931eac9bf5a64c41f0ec2a830753b7f00203a040e356ba2364d706045caabdf3e68535c6bb10fbb30fe9a355fa48de1c8de245aa1aa85db184fa681c8e9bc600ea3717a4dc26889211ed7d94df8a88cc7d73098f993ccc976bd23307007644d77452f18154c55594e9f685e8fb1a1caabc775e3122db3c74fd4666b584225ae5324e9f86a3c1d2f2693c5643c5b2fd2f1b51e7ba47b45678bd9649ee0098742578b20cb32a37f51e0e7356b5168f1415114287c2aac24cb3c322dfd331e89c220705daa56cd642a556a5e177f33cc24591babe9da26ddd6352c13faf0b7cc8dc134c1c7985cc10eeb87316488750b2ddf84f4f5e47efa03986844963133f50a88dfda6f6efc101f6aae561db1e6f3ac3e1cf9b5d25578babf0e3db50e704da091ca003defc1259f0007f0cc06a3d2a03c8c4f16128ce41351925c2797d81e1881d5957f8146921228746393ae138e6a36ea6436f6262cf130890471b65a27571717cf1fbfbc7c7d9d9316d3cd7abc5e8d97ebf93a9925b3f1ece67a7c7179737a76ce6e686e723ca412bb5e1cd7579bcd745d6470775150d44ea633ccdaedf6e47c3d2d2988ccc3a3f22cf5052f3d5a8a93d2638a05685a6468489a819139410726dae439cc0115c2838cd82098bf032f884c48691e4b203457a873fc8f138475aa22198a37b29176404de323d180ea2e5495134412ac584bd4a465a430d8d64f441acd91e8047f78594c0d0874295c7096e36466b3b382d5c48f9c4cff342223c5c01aa1a3890c0b3666b0bee6ee7029eec16c0a7105569a24d3c9cdc9ab93ebebb1320e27ac39f5a01e51a7bb51236ed6c366a8ffb7157c9b3274dd7ae037033fc688353b59abde028814606662a0c0dcad563b8a628d4703d14b1f9499820ab3a936243d4a6f907e19062ea086c0c45b04c9148c4eea196ed5dc868215081ae728939972043366881fadefd08c3d11a6d5636aba703eda892b7a1835081d541afe9f2dd3d6ee7ee43a7033d0e424e27925779573c6996249652ae3624e66364b77d3299c0f8a4035e7d30d085b9768ee1b63e25c4f1c4373428406c276c21cd32f664b33a781e7b4109558c058eb6c1d0661b7d5d61d308d46a7db190c067ad242b7d9e8b6a34ec36b041b5c1747cd6e6b777788648f022fa62137c8f2f27abe5e69cdc966b14a285a97ab75a737383c3860309a9bf4f5803c34609166f00c2e379d015676a0ebb6909ca636b55057752ce0d6f54c04a2fc040da1494c2da9d8373002479564bce8863183a0b428928cf3432f0805aa0153a3b0b7097fa9221d2e38d640ba1fa878a339d2001f9b174d1b4f4b09e14caface9698b7cfcf57a5e79462605ceea8a79681be255225d9367fa11544c238a01fa42ab1028b11337f0d07c364f742b8aaef2e0327442a3d1a8c761ab1eb51b9a8931172fd3ac58abc6f0aab458eb3ba818af67d51b71a311139bd811ad4dddb9005dea850591636fda25ea473ba34eb71fc70dc009d625c1344708d8e8169a557280844ac144e85026814c32aaa48c58964162348d8e00c2ee50b94c66aca37a5370419b2988d9a08d12300a74fd86324deeddfe4d7ce9d231fb20b3343daf75ebe225cea5973a2897180ae2ac2afccbca2f19374dab35896b4e65e65ff4444e22159a63544abb6224434da0d8a4550c8d9d41bda6eebca0a8b91b074668cee68b24819445a309e512199b5ed77427d5a0d31d763acd46a4957d6ecd09505199eb5961e837dbf556bbee636a4ea07becf464ca559e4fd2a4f05cb0365bcc579a6628eb8dd668b443971be6c96d5ea0ef56827cc338d6b715282569341ec9c75551837c12e3604e860fe8d881c8b654733140c381ba6f9f3cad1dcbc2ab6d746f912e0e6877c6e9c3218d66bdde084308cd5cc6a397c29eec809b7086498996b55a2c6040ec4b2730a5a247c804f5e66a077babee10e743193a3187a3d974050abb630e0518bb011ef6d70bdbc97e9651491a00e6a6e2319ec5351ed93ea83760a9d57299277a549fbea84c3399aa3d24d9ed8d13ba7ee4b9a1bbda2467b3eb8be56445e581eed41745304e80a7b9c5f52aa5d96556ac4add44319e4c572bde0aac3bbb073b07c724f966336e773a5a9d546f10cd514c020f09415d6de385fa3661a8eb439a3c0e413d56c65282a0e166122b2f39492360bc18dfcc9e5337b2b78a120db55e8f5bcd26aa8c1f3d994a556f2094d252ad4a91df0c5093224401a7328f13551584c91544223bce2a93891c90b599b5d10205653f8a4f7d79059a9fdf6a991dd0eb8ef90e2b128204bc22ab74c1821c4cdaaae56086f830ba877d2460c378b94c66931930a743eb1c351b15e69915c865cb4ef5f5050ea27075339faef36c5d684950e83b01b56055a645862e64546404a44dce29d6f93a4db11d2d00e39ddd43376cb67a3d1080b9b54cce5cd85440917891707e80ca4cf51c68892a3a062074ed8f642389b8d11d8e86fa2168366a9197163a88e8210c38cd0d423f241c75f583e4a60738a8d4d2bd895ad3e9fa52c4e0952ec996aa29f1aa664e340bcd48c90a0c851fdef0b1d8c8c1fffc805bdf717c908189371bde4870e9e20b5d03f19a73c6355220f485131a5d84e5b03e1b78bffd0df9020b920c5d2cf8b3de5cd5ac318a65bd42e991458538781cd2aacced2cb683aeeeb41a7b3ba361bfd76db7eae83e8f4ad56fc411088ceaf5c16844e9793d9b8964d22c49516c464e949b1727a77076d4eaba618c45a065c20936c38c502223058720507287c0dfe8d9969016d41ec0459aad521c636686e6e841700e6d422ce0123f106748204ca267c5e9fb34246038af46274e11016438cdac451590f90108e4124d6d934914072238bdd88563b40b67139bebda879e9da76295b349f48bd5298773e31a3acc3e048c0e12db9931c05d9c1f9ac0ee9a8437dfb9f1f554cbf60747b63a41bbbbd8d42689eec24b723ddb4fc350602af495275dafd7e91cededf333eaf5dbad56b7d5c2f244291d8d1acda4dc5c4ca6041c3500c59356c7e032157df31ffcddf77ef5e593bce666e20afa6b6e59e10df62da129800e4ea1f718965178145a22088d40cbfa2631ea2395a3560165bbae04381290216ce7bfbeae02c9c23e81c0b88c7c847dd52e76d3f74f2825ea6a8d885b3a1fbbd03bc2944ce2c33f5a4f0dcb6926ad40d241dea26acd0718b6329a96c118246b0a547945352a3ed16c9f9aa73786daf4c533a07ebba7ea6387616f5432c837fa1447c8b74463bd59f3a27992afb44cc54275e8108fb251d507ea1c88c5f518e0d12510085b6a2d91c19b1384d0f9644da024a5e32ef4d456f48b9ac726eb15d962faf2e4e4e9c939be37832d89289222c3c1dcb44c01b31d28724bda0f5e280acdfc7a01e314943c17e9da19f4a3461d6fa9b2d020a10d3d0d0e66433ed00d8a5e57f7818808881bdcb3ce74ad56bbe237e06ea6dfb0be4c08dea025e0490ba27ac41fc63433273ac2703aeff90b246235152bf84c876a56812368ce585832082fe93df58cf80d0e910ea04da42b024e0f34c829d830173ca3b862889ae3f583f5c6b95ea4703ad4cfce351ba564abfca542f63cf0c91018af4a8f5a355daf1382096608c2795e5ecdc8c505ea05a3d3694e69aedea14353c26a911413b2819e1155d045d3242f310826232a118800889046bcaed7784d77bd62508310b10a52871787b87a2cc1f67e5a4da99a446be6cca1d35a0ddde2932134559ecd178b244f0579d592d8ddc87463359988a695e78b2a8e1a9c49120243ea8997661a8711884a380d879ad5d5423447893244541a8652104c00be68555bd983978e5355c4819c8bf3f363448571921e2008efea2e563a9859ee72639dcf9610f3cd728514292d97e0d417785a565294bac154774f1753e44e96a795bd864f6af6f97446f10aa74824528f16fa9e06ba466606499c1602aa45cd456135db9d208c9acd16d06307de633e70ad182577839eb2a0058c2886d4b1158ea9d7ebed768b5dd882e9eb8d06b6d77512f18d8ff5d98f10817714b7e67bb04068b4fd220ff3027e7c245b31741d8761046a65c228acbb7ea8eb99ba9e06e1e929d5e4694909d5989a96c188f23fc694b939767bc38731b39977a7a3db1001c56c6537d1ab91a590899cabfecaee6c85af8d3725f0835637ecf66759314df359925f4ca75876951593e56a3c5f5e4f678be56ab15e5ddedc9c5f5ddfcc1793e57a9e1617e3c9cbf3cbcbc90c97acf53875bd087d740c4935cdcb787870ebcd879d9da3a4c273420ced50a66ab13406a00e4a533a9065fa02df0813506e21728200c8931b40ae599cc290350a86c3a7c84e8d4b8832335c184b14a1d8fd5a24b8eea03f68b7da8a760588e77cb453dfc0285a312b82b76d8fe8ecef1f0e47fdcb8b571ca9f4ab6771ca6a1bdd7fa7cbb0720d15fc56acbb666a13a9accabee642e9c23336d694695eb3f5d822957cdb3800fb5ac994a47aa824ce01ef8c4130b46be872d7ab677ed3aaf701da7a7a5937e9e56641e150a695b3ccc0b84a52e8653c5b5c52da17c532ad668be27cba3c1d637c3d6f803c8d49e00a86498198af178be522a9dcdffde7ffe9e0fec3b8ddcdd6b3627c952d16ec9727d972398326d76b643dfd52e9432f5549edee300c46b74e35edde885b74950a061141cbfc93036c7b9dae14f97a9a8d5e0ae69a9e460583814617be8e23544296269a3bc53b1f0e1b327aa839553c5473fcf97a55ef0e9bade6d5e529ad600df3953fe01bab4b022af152768aae390535382911ec9334846b87125a57b21d737fa316ec897bf4033ccc55117ddd96c41aa7576e3417f0388b62545f97d6cea3b6df1dfdfcc7ffe095ab61ab4da909ad5ecf57d7207abd9e2c179a4859ad67ebe47ab5bc5e27378bf5f56271b59ca7b9668ae92774416bc96a0d5074dd75b5ba98cebffd7bfff4c3dffde3e9c60aa230a0d7cbc5d5c5896e974c93f9741a380e71b78d45ec087e216590ce084b248aa90aa3109ed033df354c89574f1746361b1236f917fbe118853a0e24c44cd10a9378e6fb8be8539a249429b850f513ca06cd8101a964362e752c4834f336a4065d3786c821f41ccb689a4446830af84f5fec89f5c5166612633b672ba77072c15a1a0e9cf25b0617cde06872a3d663eb8e60c2350ce9628a82d3cc11b2d1af39dec1dd5b0f3f789f735f5c5c926cd7698e38003e79964d66d3f3eb9b17e7172f2f6f2e66cbc9229d2fd3c97a35cf97a556223178a19bee2ee722f49c84bd5ecf56593c3afca3ffd5ff7a46e98145a8c3c268133466ab952e9968052b66c26ac428a5501dae36cf51d02820ee288c512f548abc644bad5a204724d00043605052bb9a71aa51fa92784912040059186607481802d597434f4491c9318c93e150bc60645557467bd82816ec8c798d465209a9aeeaea1c695d688760b0beb2016f902d3421bb2a74408a989410d75cbc213f23ab94a0d4a68e211d527448ed23909314bdcc6838415a5af0786b67d4190d07c3c1ebd7673793c9cd6c7e331e6fd2145b7ae0d4f65af516f23cf08338089b41dcf0a308d85595be61da062a1b48060e6658a821cc334df27ff21ffcc7f1fedd93f1dc8fe3e962060d5551db76eacec6b34a2bc3ed6860870a3bafdc9abe7a49dfb62174f34a3254901e67b7582df9c1eaf006d0a1652852d775c99e1ae026d177fdc8ee801ae6e3639cc49fbca4e9e90ec7a2ce353b83193842e5362a0ab3a3fd75471efe91b34d6ce0607601b34a93f253e53b04726e95a95de5db7b3bb4c0821664660e856754e32b41d352a19b8bc52dd40bd2a0c827eda8f5c7a68c860ac8674baace7acb8d1beb5c173593bcb89e4ef9643ab9c9923579ced257cfe7955983a8f97b1aa2a484a9b2d2dd103c521ae4d42c59fab58d7972a1335d9577dffbe877fef89f3f3eb9acbc20d5f5a365bbdf771aed87bffd7bfd3b6f97512bc7fb0a7598d1f2ecda683024047507fb8638d39321c88d801aaac16aa99ebe2b189127249db6250f63a9365991af5188b8a22c7115ae273c183e1024598057f906662010a05e284e4c8195a5f190c2d2a0985a57474c36506ec7dad2794aa8401e730312179cc05c6ca90a195dfcc1be6adf9c4eba4541a20bba621db2b7891f2d14205b651bbbb0bc5565cd8aca6ef50e1fbebf7bffedbcb2032fc2671cbe4ad764fb5a99cfd78b15d5297595a4253a9dc1a1c5d7eabd55f81e912ea0d35bdddfe5d8755152b4cedda377befd9ffc6fff8fa9e5be3a3b8fc368727dfdd61b6f74fb7d9075f0fefb6ffde13f7bf8bb7ff0d677be1bb487f44413014e98caa786ac51fa4044224d77a2d279702a9231185a99354c1891988360e98726a55580cb016269f634ac4a87d36c258c6bdea4469673755f29a8dd488a4886d8ba05b8d24c5b29921377c028dbebad9a075643d276300ca120bcaa71de28670af0748b5d00052e500a20cb8ac5d8d34cf0133ce8454a35cbcdbdc06af79bc76f8c1e7ed8bafb56303ab01b1d2479e8055a075aab4d977312752b0a09e3659272da4edc18b43a9d4623709d56236e37a2413bee36fd08a76ef49d73b163858ee50661d1e8defecddfbdf3e16f4fb2eaf9c96bce4f697fb0333a3e3c5827cbb256404176181751fbcdeffefefbfff47f3178e75b4effa80a9aeb55aaa94dccba5a526ad6e37aafdbdddddd052b8c45aa91785a2059d1a5805b8b0c8c419d7aabc90f11ad529ea8717597089141ac6078fd27e2b09df7fb2d3d013d8af853ac51aba15b5b839ddd83fd8bd7cfcd939d3018e7d2126aac0739d59c9ae76f835b5a1bf8e75094294df13208f5f43d245a7f01af6bbab9261d691c82c6d1846206cca9e807fbbbf7df19dd7db3bd7f7470ffcddede21235ba98cac76ba83975f3dfeecc77f476badd0dd1b766979b996f80c3d3f74bd50ab1f2475490c9a25421288334ba72c03cb0a1aadc6f1bdbbdffdc3e15b1f7cf5ecd5cd74ee379a511403875bc787f0c47ab544461ef4fb14ef975763afd1ea1e1cf70e8fa34e97f8a379a8d9d1b3f5bc76bb1d4441b73fa8b75a6c2448d1379021ba85e02733918d443ba806c769926a3a1d6046a5da6c360902ac8cf36807a6c5fafcc63ace87bb4d47df9fe69346b630452d345bba75eae6fa0ca3eb210f9447859ea30645209f0925bbe6298eab5a92e7352c2b2a81c2cd2497180aedae90441924823f529c4882a7a41917595e35fa87effe86333cb4db3b76d4045500793a1e839ad57c2e3004c1a317afa3e6607a7965e78b6127dc1df528a927abd55acf492818ab5d7337e2424ac78ab826b721a4c2cd260ea2e8e8de1b7ff83f7377ef3c7a72da6fd59bed76d868c11c74a4d369edf47b272f9f53e51f1eee63114e8d58400c02e1f3eb71cd8febbb07587f63be6b3cd6cdd71188abb4365853d1a5a16ca219264235625569658015b0abea0a1cc3df463b02543e96c8663733bf286de77c6bd4345f5de5232a897f23274b2f6834da8df57212879e385ab3bc95eeb6d724039ca1095ec3566277d1194e570da68ba4528aba6a0e235113bb7a481e6189b7504d56b628ed321adeffe8b7ef7ef89de7e7d768614a3ac8fb975ffc0a8004ba9c04f35457e3e95f7cef7beffdc6b7eb9dfac5ab13bf28fbcd46af155312946454e8ac06394afc697dad213a61c271c3d0ad9a8d647094770e2ee6cbfdfd030ee90e074e14527cc66178f7d61162f9afffdd9fb79bcddbb78e4983cbd5caf7bc3608ad6aaf4f4f816adc682290dbfbbbe009dd616edd75fbbd01e19ea69038a1cbf0311fa7f408414ca0690fdb0acd92029c22cb6aee4c732abc11632b0b25023e9f51c1e8ee505ca7992fd90ed4e2a33008f943d1c4c8940b34c122ad488567f6113c6129dbc3a72a01f583f568df33d3b67a125e49d8e3e02acf484a3577bdf1edf6fe83effcdef0dec3d4f2285675b539ae4f26137ade1dec58810f41d2d1c905e5f0e974b1fe8d3ff8e3dffae7ff6970f4f0259264530ebbf5fd9d6ea70372ebe6c95dca3aa1e7b4e3888abdd38a47bb83e6f1adfa9d3753bfd91fecd03bac43b17ead9beaf27de2a5d5f8fcb34fa3c0276710b9a8a855b2861c642c12a44480058f2795759996c337dee93f7898d63bb556afb9b3dbe8f4496c8016e346244facc25f98d753c90119d08008475a46a9514fc5cfa0525298165b687e00236a265c6581e6a850a6503c3ed2c575c7a51de10927e82c0a0f9396558b4aa696e4465d20959334bf28d3033da383106faa2153f6828be849be59978edfbbd5bef561fbcec383771e927434159d6768a48d6b8d178bc3a33b4114fb8d18617ef1fa6cbf3f8a2afbd9a78f6a8577fcf0dbfbffe80faedb878fe6b5cc6f44cd56a7dbc4eceda6df6d449d7ad46d34db8d466fd0b87b67fff8f878e7d6837bdff85650afa768ea755a0fa3d9644282bd757070fbf8e0ab475f70e27bf7ee1096608a2eae0c00e9a66c42b124815851105d9d5edd4c965e67d8bdff46d9ef3f1e4f96c02b6cd85e038e56250e895425d424a1b6bd00a24b2525dc9aea411d2ba4843e00a0c69b7cca5faa16e102d562e262f385b141484c6159cc4e88b02be0c509c6d65f4f5e8ab639de7803b76967e300d0adfbd8880cfa5d6cd2d25d9441e177bddead9d77befde0b77f3f3a7e60b77b481332f2861a3dcfe144c8c4f2dd4ea7d38c9acdb8ce9916b3058dbff1e683575f3d3979f44c738c61f3cd7ff2efdff9cd7fba087b76a31d37e346ecb56217be1e74daa35e7f6f6778eb78eff060d48863e4f56432efb6eafd46ec16b564b14816cb3bc787b70ff767d7578f3effd51b6fdcd797477b7aea165511ea308a4231b3721e32a4f4898338a2e59bab6ba52bc75d6d6a8f5f9fadddb047dabf753f73fc399a92516307104eb9c959252e4968e05fd864b3cc83be808cc8ede4cd7a5d176391196c6217b04b12d34e9ecf0f4e273424eab7dcad170d2a4fe204fcab86f00165a43ed167ba1e8de6f402cdc126d6baf0cbce8177fb5defde7b07dff99dbdf73ea8efec2659d1eb753913b406991246285c0591e9681c5053db54cf88e89bd9e49b1f7df83bbfff3bcd76bc988e67e7178f3ffd346eb483c6a8b0e26ea7d76d35fbfd3effef76dafd4eabd76d771a2da48c823b4d22dbba7db8d769378a2ce974dbbbbbc31142c5b53ff9c5cf0ff6f67a9d0ed5a4b90e291bd3ff7abd8e78431c4391e47bc4671c87ad5e1bfd00cda224ea01e23dabf961e6d7bd9de370ef4eefd65b55dc46fea3e74504e4bd8d6eb5c526d4a06436553492983a05bf21f6edb556360272a24a76d3f5924adfb42ee287328814f80586d11170893cc6f105aa45421ceda28b4d7c02e24d152f11ce9ba4564b3a07ddf7bf7be7bb7f78f4addf4a837a67773f6c36d114740c5f6b46c27167901d8106142aadc1a4b32811442f92f3de9b0fc86c9ce23bbff39d83074751ecedc4d1177ff3effeebffeb7ffe97fffa7ff8f28ba74100a01bfa86023d3ad0f5bc5a403159f9e49b4d95599b15555b10f8cb74e544cefeadc366af637bf6a79f7edc6e36eedfbde3400555ad1ec41a9f19b5f058e951e92ae036257a8061697908695d502537373018a88001f2ca1dd7eacee8f6fe1befbb8d0ed506a8a47ce428383d4f13cda7182b832603294590043bc9d470178d875abab1d11dd1d472769ab97a44c09a0d12f25b16919814b1a88bb443cf80bc4a1d27af7985ca7d95b69831f31aed37de6bbef751fd8df7c3c11e9a578fb7807d9d809db0a9ebfae42274c66239435d71286dd217c923092da490d768366fddb9339bcd1f7ff504b5c7fbdbf7efbefbe147f96a39be78faf1a71f7ffae869d4ea7ad41681abeb78ba680b432a1b66858d4a70f2f57abebcb99933d0e5621e35eacf5e9d9c9f9fbdfbd69b50f9bad062e0b85127cbe9d9000213e6aa30bd637b04b6a6a1f104d032f716e941d3ba215f1510a657b7fd70515a9d5bf7066f7fd0beff8d5aa3b74ef4406bc83b5feb7b3ab38ca23627891347e44e3d984d77c96b5565a62fa942dd41c69083664336d4b91076a5db0d0a53b3e278f3ad40b2bf6a4fe503024a15a9608e9db014de4e9dd8e91fefbdff3b9bc19d5ab31bb7daf57a6372336e365b9607805c092944219db6296a5cf43822c438b442ec0b0efca7d8d3c3301b9df607bff1d1c9ebd3c75f3eae379abdbdfddffaa33fbefbeddfac59019efbb3bffaeb9f7cfa4580da3417cc2c37aa9c102359ca5874dea5a5cbd3f3af3e7fbc9c4e102afcf9d9679f759aad66ab8e79afa6533d144df7f74a3428cc019591259c1dcb0205c045c56bae5c43dd92a326cb56687138b9550f316440a9ba77dcbaff8dbd6ffe76e7ce1bcbbc4a97ab64bee4285d2e228b165029ffb03d5694b6118f5306e306c847cb63b45280425a179ecd219c1db6d0994c1872762d2980ff2579c03aa335d747f3b2b6729bcd373f38fead3f888fdfbe4e6a0787c72862d0b15aad207106e579ee7c3ec7409038ce43cea7ebb451afab693d7855251c67a22738539c665bbb87fb77df78f0e5574f1f3d7b066fbef3cd77ffe03ffa8fa383fb5421eb75fafffd37fff6073ffe38a8698d586af9654db7b1db4502fdb9edfea2725fbe78bd9c5c7ff0cd773aadfae35ffdaa58afc9d5781622048958195632025a73792200f30fed200f880f6afa325995915a184dbf413b44a3dfb615855e9925043e95c1789d4fecfa837ff4cf06f71fae88588650eaa9db4541aacd44f6659e167992a5281b5d71a6acd33855bda0ee757d1d1ee395e7f000aa4893bafc6c8d0e22480134e2c03c762db7ddd48d174eb3d63b6ede7efbceb77eabb17fb8cab3d07329864111291d7f75bb5d2561ab369d4c3d7319088ff26264be070b8b4f1927859529a2e02d6519b8285daf8330fcf05bdfa27cffdbbfffbbaf9e3e7df8d147dffec37faf16b51154499aff9b7ff7d79f3f7a4ef0038daac83679b6c8ab75dc0b76ef92f2cecece8e8ff66fdfbe0544a0f2839d1d04c9742a4ec3cac03b0c238d5179458f5bc5b20c50e9ccc433f1d768b6506509f9d3d2fa484684250853ac1eb6a3444bba6a01fc7e3ece36f6ca8d6e7fe7bba3f73ecceb2d22055a800290d316fcaed5d2ba5d9eac8a8a065344936e13c1043a0fff876205f38240a34fb2323442c7611c09d9922ed263dd02b32997967ffbdbbf7ff0cddfeddf7b376c77c3c85f2f6f06ed867836f021361a69361b9a93732c6a10c6a9b902dd19a5a72ae15451163e6754e65ba4b5ba85a1e31243ac7c3a1c0e1f3c78a3d36affcd5fffcdcdf4e61ffff11f7de39ffcfef6f687699afec95ffcedebabb16d17b52a5fe7ce8d3f588eee4dadfa6a99cea7e37b0fee43806118bef7ce5bc80f888df0c6bbebe5aa11d5953c95aff403f24c02e3851d44eebc93b663e06c32c0e7653438ddac4571a4a5098ebf5aaeec7cfdc6ad83d97c3629ddbd6f7e77efe1b79d567f455928044b1b331c6843f95a97c7c4391810d00179e93f159aba8135a7ccd32c92ae107156ce89ed35b785dd4d1fb5156ff50e8edefffd3ff2867b8dfeaeef87c4eb62b91c0c87d8919a0d124724d18eba6dd5c85a8d469d16f0e53a49703198316d5224c8e81c45c386617169e93924490fbcd7a3e037bff31bdf78f71babc56cef60ef7ff39ffdef6f7df323458f6d3fb938fb1ffee67b24fdb9e526f5fdcde1bb2fabf8629165ab75bb59df3f3aa42621ff8fc7635c38dad99114b16a8be9acdb6aeb522696c60a1b84930cab5e0a77bc515ea333808fa094f1f8a76b43e68a02cce3067abc81ed5c2fa7bb07835e372660928d955951efcedbc71ffc66d5ece86649091085b931a28134e3c7e8229da2a0a8e703e40bf6d7e521c099939494428126a782558dc6612f7ae096b56013f547f7decc5c27c993763d26edd02a39b2ddedd1397864b95c40a3344a8775892b49f8936160add51a614919abe238d7ad8b7a9a1ce3d4f3db7378cbddd23a20314fd42ec3383cbe73ab5817b5a236d8dfff5ffeeffeb36070a4cb2496f30fbff8eccf7ef8d9b27d9cecbcf97ad3986e6c37723aed786f38e8349b8be582815f5edd683d8a1f62427c8a486f4491e1f36d1225d4294e6577d945d427806e216f8cac8d5011453d16c48fd4df91efc3daad4efdcedd5b60d5f5a2e5723d9fddc4fd61d5ddab9a3d32b19ef845dbd85dd3e2321ee816a7d30a676690381c9c73664ea41a2bd775137509f4a907748ada0595ba013ef3d2ebbdf51bbdbb6f4f57cb3c5b45810da59085417be47934877761c346a30990b1262a8037713dc693d81aaac1a64add7077a25b82380fd97dba5ca4791ec6b199c4aa65389a374409fed7f7fd9330bc559adc7defbd8ffed97f60050d00545ac195d33d75067ffae3cf4e676b8674eff6e1eeeea0d9a8c3198ca8d16aa348757fa7a9ecf849d394bc28e429cc3565c70f9da40fc6c880da686273a159118fa135a7e8814321963fe9bce7ad57f3dd41bfdb6c66a996435d5c5e94b53cad36a91b740e8f375e98175a548d3c4755e9c9b544158d2a86ac7a594176c03dd12ca95572668a35373077929909004dd6eaec211ec067abd26b1c3decbcf18115b4d6f3559ea6943874bc1546816121cc4a01b4582c29aff12543c035600d5e6580f24792c0981a9b631995a7171d5baf5258453c252028a1b18762b3da847e64d6ec15beab3b083efcdd7f7cef9b1f5495ffd61ffd47effecfff93bffdf2d58b8beb4e33b8bb3b78fbf6edf56ad11af65442c5750c9f24abb8e10bce5818e1049ff8421d83c704585cbd5725c21efa9b21e302318bd6328a03b0951704fa927b110647baf46cb5d6f42416272066cb49422ab7a34f3f7f9464d983f73f7046bb372017822273591bf4bbf943773fc9a59a5d13ab6ff94bb48ae5432f408ec334908b7088adf438128b53f83b771ffec13fabfc60be5861ac64a5551f9c9821e249682488a355a2af17268961747a369b4d29b5c1108361677d3571146d4f470ba43b650b53a4a027d84d3b29c6ecbcd46391192779304bb3758ad37579abdb1f8483ddeec36fbdff7b7f508bc2dea0fbad0fde7fefddb71fdcbb1d86fe7cb120d7e138529f02d8aa1a0dea4fcca79be7681609ab311980f32767e30d5b94615463090e74490012d48524ad91335f2cc18b5d611bf88037eb5437898d6faebbdd3e6640b9157916c5ad7b6f7f2303ec95665f313a830444eb75429c4950ea82a7d85ccd6d28616a1478aecbce85995fd12405310ed3e9f92ea9d77af08fff38bef3c6ba2ce6ab05669dcd66459643fd64f620f2e6cb05bd9ccf66b486a1e93956bbbaba624f06c68ba16074f89dd6182d3be0306cc35184bc0a2ee8cfbcd8c1a4321d458708855452cb2ed20408fbbdd15bffe87747f7ee757aed0fbff9ce6f7ff7a341bf4da63405608ea7398a963191ea112d71d56215f1a871b64c6ef81ad8f19b2d3a8d018526034cc96df4d5d71f61593a23a645b63b9a9c01b659515063af74dd2eef75ba1c138541abdd5a25f9f1dd3777ef3dc8081cc41b3ee418b85d8bfb4adb452760d04d4ec3f0bdca274cacaf5a81bf947e55a1ea7647cb1505d576dffe66f7fec3571763eafbc56a49a9c639a69309a1425cc6f57a9225a0fbe6e6c64897ad3e29f1300ea0bb5819bc2c168b46a3217f58d67abda6cece74414a37d96326ac218b6b744ac2e420b28fad5bc0f52825b9d6b1ea61d41dedbff9cd6fed1d1c8c7aed6cb5d0eabf4d86eac6340005cdaa193f3d1051d3daf840a163fedc1a1aad808fb5b361312c4b67886d735a828483156f942c06d9d4d212c1bc11c9ebd1381ef28c1d7cdf3b3939a59860bc7c74757945265ca7851534dff8f0a37838522501ceb49c4d173414380c54f74c6ba24077ba519c8ab3ac6ab15e92c7b440801467ce5ae496dd1c22d73ef9e2f1ec7adced7400ce7c3e7be79d8720970e9126ea71cc460632994e7bbd9ec253cf91a573b56693a45a10d7ecc9a8822010a3e5c572bd0a3517260bc177dbbb12b663d66f9942095053d0901dbf6a95be6ec8d1222c547cdd73bb7138beb9d2ddf92a40d408511705110d70b442c33c2a0118d219c0416334a2b1ebdaaade9b53c1db8a3cba8a051882dc6ff06ed40d5696bed2cb4cfc6174b2511046b3e5eaf5d9d9d0e851ea6df034194f680ef0efdcbabd73f741ea46ba4ac2591cadede604c0580855f39c183e33e3c458abf55aa44256d56d5608136b5a459db7bff57aba262677063ddf71faddeef9f9f97034acb79af3d58a8e067e48d8009f2c4d8783a13ae77b5aeb54945b685301d22d2d6035df76ca48e7f379b3d190c91da42455a81ebfa90f8c093c3d6d4156530103efd15dc20172cc72f88a7a023a89cc5307966bd466a123310af6d5308465c6c2162cb85d3741fa96032448d80b32d147a04f46511ed17420a7961fb08ed12d9c99ee681180b23d7ce22279f813baa3895727af6dcf6d75da7c3a5bccea8d067a2c4fa0faa4e6b8b71e7e73d3e896561838215a89760405c77720102552754161450f3423bca97cf360253c52dff86438ffe80d6774c78e9aefbdff0d22609365870707e8a1f972d9ea74f4cdc2ab1530a7d1f56a859f8838ac0c26b1b2ab87ba90d934902df32874cd90f010a4a4e13b0e3a1d9360a62df4f888dfd81ab3e0023d890922840e2c7bb25832d430d68359345f031895602930b0b290a81a44adc809d89713f197fe56342b92345c5e74022749a72024a89244dfec0cfcb61f92bd79c306b9c67ceb3b27a4f9c0d7fdd1d3d9ece4f5c97067a4cadfa9cd57f346abc579d3f5c2ae1559920d0f6fed3e78db0f1ad8530f7735eb356c3d39099d072210498826605f64a212a5112248d737914a79d8eadeff461634df7df7bdd562faead573ac09c3745aadd3d7a74114d1d87cb9827cc9e9aba5c489a76fcc2bc80578c35c252002282eaae97cda6c3531052d4ca733408a3261e4f40a2d4bc01a38c8220c9598a06f74235da754f09e9efe2320aff38cc8402fc9739a9428c8602013392f57610ff942cd60447367a240bd35287a994f193c2f3641ae08703ec1bb3e758fea18824c5522e7323bab379c0ee7262bdd718973233defd4b9be1abb4138dadd23607414da814ce6794bdd4c202433c6e3371f067bc7a9eb331e3aa4a557baeca195cce6f9989ab6472273b01c0bb03877596693caaadf7a607706b7efdf456bad968bc16067b14e96cbe5ede3e3ab8b4b8450abdb27bc334d4c16eb95a659741d40bdb5e7f355a3d9c02eb446a59b64691007fc4987c6d329e4881a63cc25394b17f0746d1607e030d23d3c24959565e3cb1b4a85a0551774810885aba0270a30f797e7ba6c642e5c32783844be613fb3144709024be10a73394d30de12291d521725bccc249566be4801c49262022e777537847c69828033624bde104ea24192bf557bf0e69b61142f97abf9644ac91278b6eff98b7571359d83e1324d063bbb9d3bf782e16e42618963502f8818ce2da5119855b8fa366f0502a71165a1267dd76df6dcbd5b9dfdfd7e2bcef3246e7751334f9f3c4172eeedefd3a7d72727ad969e972d3acb39754a2e67acd2bb566d456da2595ce52ea415941c45f53cd3c326e68bb9b94d5feed1827c92a4f9d267f684ba09798c9e6729adcce6331c481e56e8531c24698020c7431808b3e9b901baa51c4768a68c4a43ce51ac6cf707836c942c322b4fb69be99e60b5c5b400078fa12344bd589683393bce37be9187d0e6d41faa1b4a7a4260d940646f6f87f34cc6e3d7af4e0947811d3559e457e309c6004a81e71cdfba150f0ecaa005f769ad86ae06151bdd1c8eb8354f8ba067744b0b2a147155e104c1eeede6c19d9dfd3d3ab25cae5f9ebc86c0efddbb47270888e3e3e3d3d3334c86f9e8db6ab966b8d46f84393a77b54e906ce2f7aa0429485aabacea518ca9d2229fcf17cd26d5bc96c0d3511a34a897edc0148621ddc3a432bd1ebf258b7fcdc2db8b387a18855262996b628bedf0359f1bb86064d579b486f3f88b2dbcc7e634b23525414d76e6000ee28c7c4a566567b5a17bc6456e748363d99f3f094ab4167fe2230e522ed53a2f4656b027804bd788c04d1cea0b5c48f59737e3c0f7ca74757078d03dba1befdea2b2c326b6ee86c4b79962991f080f8e649c9893a28da82ac27eebce3b07c777511b0ce58b47cf8aa4d09aed461d2d486f8e6e1dc3c537e31bb378cc5eaed78cd9f5f0a6d041766544280d13b3d6743ad51cabe76b78e6ee4df20283654fe2c3b3ddd02833bcce9f78d4d50c9da29e1311b6babe6a5435ea1e11a2851032a84a48ce02def9bf5844425c26e6289992177f1ac8f306f3f1060fc9ee009c3f8c8b4c2f283e1524c091ad58996eb095177bd09f95441a5a4c934b44b3eeefd6426acd2850af112ed3c914888491cfe84e4fcfc9ceb81d96dfb97b1fe0c6c3fd5441a5b90d59979854a62855b2c2665a7c4dfd69858dbdbb476f3cc49381edfefce34fc3a8d1693643dfe5948cfcc9932714beed4efbfae69a9e63943451d585b9e83d52042c4b9fea19139a4dbbb9b9de6a47462b02db94300fbfc923f48ff11bc4317a9bd0c33d6cd90e18de5610a8af35204f9c4661f8b50cf935fc313223310989bf19978ca5e0409583669302b616d741e637a75316cee5391a0781ec407fe43433f7c918d98d33722cfcc99f14259a1adf940de834a526dd9c5f5cc110f566bdd96a5cdedce071047b1806495ebc3a3d0fc3789daebb835e7b7fbf7bebc1aaf2ecc22973640b72d7a46fce4c566110f0c3bae668e1ebbbef8771ec05fe2f3eff32498bfb776f595e2d6e355ebc7cf9939ffc643299e0ffddddbdd96c4e3f48a5401b0340cdd88e81aed62b1225ba839130d2d56ad9ed76c185e16e2dc131444481be2db845c7bcd861bd5a12bf323fc630c6a6fa65fc0cd770b32eb7ea0d46d42ca99938d5a1c6f89a6e91b8dc52c7f6707e73b8d9416f70836173feafe9350d9dce18c62428f01832233653171894317254bbdd263475314042974221d262ffd27af1f264b94a1cdfddd997be98af28bf23d7aeb55b9d5727e7049b42d0aa0e8f8ffdd15163f7d086380966cb613caa899441786fe659d69637bcff56bddf8fc3e093cf7e79355b7cf0cd6f5ab52c6ec62f5e9f3d7efcf81befbe7be7ce1dacdceff74de82dd1e0389ffc063fc85c95455a878bc009bcb0320bec5bed16a3067668922dfc102ad8827618096f4c8f1c7283d2bb012d4622e16c8b00ac438522e6ddf2b7092f55a1f28e6c2a2d237da27ff48aedf2914cbd3d5aed9b37d0af9cb0ddce8b43d81de1a437eca7ab74ba44951b5a6723c297378009cfe45982d7b759b0371880394e1a63ebc01f4f6691efa3fc9b8d669e572f5fbd266437d97ab4330a7bc3dd7b6f030fdbdf381e67d990a6f4188b8c20dd14cbd5c2191c0cdffc6661078fbe7c32bfbafead0fdff33db1f0d9ababd564fdd1471fedeceea21ad7cba51ef31085b3e9f4e6660ca0b5e08b51c1ae65992ed3561c697147ad24a76e6a5ab0c7c8a0ef2c29743d5c135cfa6ad4559a53be4ab760d45c33c344b7b18629880a4dea820e7e3067864eafa04d250aec81b2db3e3b0d2bcae6127c222b4281d60ca2c172494d27e81be7b1831ee3a28926b386075aa673122d05894d5ccb993cf507bd45200258cf452652f314810b8c8811372dedd97aee5ad57a99a29691883b9dceec66acc93f5343a13e9ebd3ac9d3d2d363996a87b70ecb565f50a34f8c4a6d10ce8a2d5dff2bbcf0dddff8ae5f6f9f9c9d5e8d6f3efae8dbfaf22bcb7a7d764e597febf888f1cc66339c4f3a06508d46fdfafa0a8c875148c61778558797d4c3f538a62cd2b41f107691764054185d80e530a21d21193193e7e84e408c7dd08bbc403a2db00328e38deb2b0479b145d713cd3a1c723bbf9504b760c6d52655d23e3b3334611b74332cfec3fa26e6389f7c82570c778bb2ccba4ce97a29667da08b5792a1fada76521f070106f22a3d51cd61ee9603825877d0ebf2278c435bdd4e6bbd5c203048c230647fd0c7cb272727303b66190efa61a36933929c3a0e5a334341b882aba2b282c1e1e18377c6b3d932593e7cef2d19d6f5cfceaec7e3d9c1c13e2c8d5ddaad3672703c9e00987aa3495f77f7f769100da5a19a6b347485ca0863e01ba5ac4ccf93a6d70c95a414c6dbf900f1316308b132a1edbabadaa22fc8d4043dd6a12c0448f4de989502b4f4294e432954f841046c9291eee1f9fa5aee4699d3e4521c8c4705697610750b0a06fbb23abdc4435893b3681219db694132cde83e95ed0f68902ea8367008e50ba20077825646a7354e35553921e5779e7146dd8d1707d3f1380cc22c57f574747cf4f2e4659227c27759221f35b38e7b456e8a38513aa3cc9db07b743fa97904208ad00bf4f487c964f6e8cbafeedf7b2013a9d44abff8fc8beffdedf766d319bdd74312027f341a8958cc8bd0a1f804522a32a536f1a6908a15340f5121f997c870d22f07c807ab8434463981e641c21788103d6a52191e0667cc2eeca6af2a43268a78a178b6cb4cfc09079bccac9e310cce017cf4fbeb5f585632521211ced0543b18933300808c2c21af3d153d6a5e27559ed0e14a209b2acf3717975744b684001874838b8b4b7280e6dfb2acd36a2ee64bf8d473ed5ebf777575c929680aedbeb333f002efe9b3a7c82d0ac7dea08bd139bd810081066a2a6759f8a3fbef1cbcf9f0723c410b0671ecfa9ce0ea273ff9e98307f73b9df67c3ec726af4f5fffe2e38fdf7cf3ad7bf7efd32ddf0b70b8a6f6a935b19830555b2ce6c81e900bfa08556a4c71911ca2ebd1699eeaca86196da6af864e91ba5847d644d0985b693122bb931ba1797663f49af2c24fa60e127be8f290e6c56894df6c17551a712014e96f519302662b72b62cb4fd9ff617f079112afc960d407a9eea0ae9a6302c68913f24a08b0c53a277c99f5873b14a5ebd3ed9dbdbd50da269daee342737634601c8f00aa2804e8161cd59569bdbb76f533fb231f048b0fa967ca29dc6bf7e3a7a6905793cf8e08fffc3dc7549288d56d3f3c29357e71fffe29377df7df7e0606fb99c537c2299f7f7f63f78fffd5bb76ed33bba4557767777b13426008cd45cc4dd72b9f0b5605133180c100a34152623d2d3c818d7f672127147d1410837a28831430a18d2501d96d820dda413b35cb59b448b5159e87163567290c0aaeb034a898a32fc0dd6950ab706963f14c132b1f10ba12d485494c100e5f0f0702bc39185e07434ec877ac8b4ee74613f753b01af24b2d572b100d1749e52e4f32f1e11972831f0813fa85ab2bcbcb999604a3ff4a3b8ae0968ecad156cc5ce6884c6ffeaf157408e91ebf6287d1f8513d63c5b3786565ef7f65bc71f7ee76236dedbed338cebcbf1578f9e7debdbbf311a0d10a9f3d998fa0a038d06833cc9befffdefcfe74b06ce5048836996d69b4df8dfb06f8d9e6256fa4162e334285c428ced8cd0c4bb4502c016447cb24ed067aa7ab6d0961d25a5f5c68017c206175b94320c53315b659e22695a75cd08802b3eb2b54e4c0bef150722dcaf2380c1cbd9e60df4024a286d7abdfe7038fc9ddff947c7c747d8651fd40c87ffde1ffde19bf7ef0d3aed9de10032f9d6871fdcbb7b07ee44ffddbd7be7e8e800cc5d5e5f7ff9f849b3d95161fceb153b83e1cec5e5a5fa5dabe2b8395fad6dc703ddf40a5170f7eebdababebebf10dcc214e07ea5aa3ebf8b65f2fc3e6fdeffca3dc8fe8bec9bfc9c5f9f9c377dee96050a3b2512fed6e8fdc023048461f7ffc8bbffbdedf6e6fee43cf3230fa0acc0ca82cd27bbd119394001a0659af56c81b3a41ad448411c6188614ce8b48d0042d3611b60817de931a45e8323a7e50ed4cf372801eec6f89c639bc1147bba3e16f7de723f218e7dc8a1421dcf40184ab71d18c0bb1122554cf0098c022e3ad566bcef1fcf9c9279ffe92585caf1956b95ca54f9e3d5760aacf165e0902127c7d381cbcf7de7bbb7b87c07e3c9950dd11b5711055852ea55215deb97354e49bc562cd9f8d3a5a25c580575757501b686bb59a3b3bc3a78f1feb06433aa2af8ed58df5a8a5b873e7cd5bdffce6d9f955236a4247e3e9a237e8f5ba4d8436f1f7d39f7fdaec74fdd03b79fd4a08b4518dd34f3ffec58be7cfc8ec599245016825becb4c8f12db503bf87100b9614a8c89bd422d302273521328bb85f803685a0e3161be5d195108366d425596136e7516bc4ba8f0431bf8324f748102d568ae3e6bde63d0efb10b0e11bb182ac3dcfc32453201ceae3182b872b4ee99f31992b7301ffb3c79fefad19397d87bbac0e0057ffed5dffec364b19ecc97d4968f9fbef89beffdfd3acd66cbe56cb5fcf92f3e39bf9ac4cd667f24bb64abf4e4f90bca0b46db889d4eb77f7a7209afb65a945130a15681df8ca74403e29242324fd29357af0953ba8999b4487d556cdef8e823cb7317f369bfdb9b4d16d80ad200d4ab24f9dedfff3de880c417f305a6a04a998cc7facab3fb772793c9f866e279fa9a962ccd613ae526c3768db80e238334864794c1835b6221c300ffc0d7d2670c399fcdd05d7a48947c5033d3bc9c42550c918b3dd919b02ba1d2eec6dcc3681ed304e12e968bbfffc10fcda3c28904824359745b7fe0bf8b8b9b2f3effead38f3fe73c86fc695fb25259815e19dac1db500f912666334b53884e0479516df4fc98f99c43d769325fae7ef0a31fe300c4f53ac9c6e3e94f7efce3274fbedad22091be33ea5f5f5de000ce4b32c3b19d76fbe4e52b766063108687b76fbf78f284204424b87ed4286dafb97b70f71b1fbe383debf5db70680a72e308f451047dff073f84f11e3e7c480aa2401f0e47abe53259afde79fbad5bb76ec17d9e47a9e9cda60b3df7b6d331ab88b07545be262b3218a981a220df421c9812b2c264d03670a3c708733e62e05883174c852144cd5804523080e738433afc965ca18aa106c1f88f1e3fb9bebc41ee994400dcd13fc4301a41973767d3d5f9d9cddf7fef8759523ae6e1ba864fb1b8c99204ced73c2417b00d6c8a94b4d886bf3569babd099a7a6fb9d2bdfe61145f5d8ed7abece3cf3e4bf2fceb25821c5e16dd761c06eee5c5058e8cd0e9598686867baf2e2e435f4fead93f3c0afd50314822d37706d65b0fbefd5bb9e5cd93f5fede2e990d18026dacf3d9679f3d78f0e08d37de009eb021a86eb75a6093a66994c40d7e3bdd0e03b8b8b8e8763b70192e00d78c5fd7017429c7d5f2b9a2801c857add76af628141024e86cbcee64a397f620536682ad10869e308fca7d94f09134004e1b38376e56f535838b627581af2464b7006d13fa29ecc0cb56d6c3ed535024912e977b67376e85f79827301c56de5a5ecb2a9e166799abd1d846d1c469a852fabc97842090db866f3257bf5fb03889e9e3340a019eab13816d07c7d7a46b810793405e60ef60f5e3c7b41e96c2ed997c777ef60742d6e992669b87f74ff83df78fdfa62381a8130625672b8aace2f2ef6f6f66edf3e361570f1cb5f7ed6eff7a9ec193cb557bdde60042871ec7e7e7931994d06a3119d60487808e099b915ad7bc65b8c0c1f6832c4b66e2693c160c0503912c312d15a7ca1c913d9597ed2773ba94ec1b2d29782a4c245e0fe7a959626467006fbe8aaa8c8458753016cad4fd0304e5d6f2e846b5ef2b1b12cef1533fca1cdf44b9d34dbd19f05d58604665e509ee349dfd137399242e68b65dc6811017996379b8d9ddd1d068e0d968b556a1e974cdf4021113c5f2c3c4fb3418c0b3740892f5fbe04c454dddd41cfdee80b90aaccb1ef7ef0512d685579b5df1f2e96cbebe93529180e411e6274643f29f8473ffa11d5c1c1c101ee5d2c96edb6ae3f509e355b2dd7f7bffcead1eefe6eb3d5582c16680de36d8248248e75381f7f206c74bd76534e66538a08068c7465b88c11d7d1393ac3c8a126bc81e58029fba4698eb914c21817bbebfa2a88958db5b3481ed637bb0ae09afede1a1d33ea4a79aeeb0c4a06241982e6ebbd348760da138ff02701b49d1de344100ca407c035d56e3b393b7bce62bd8e5b4d3d3d0f32b2aad97442cd8f2c194fa667a7e78b859e1c80c6aa37ead73737f41f2b8100fa4d71747272a2fa86c1a27751309c30eaf6f71fbcfdf4d56be457643927a767dd5e47b349d5a6adfac85d2ce7bff8f867874707f7efdf0558676767cf9f3deb0efa499e6dbf37713a9bdedcdcdcbb7f570f6c55223293739448c6a2187d9dac7f6d0b65d92c49c43c86a44d7694634026c395ca31f9006f610bada64b33228971f289f05e28fb19bbc940bfde534719c3290ecc0b386fc238683423e49a2953e401e082df382f96948ce14863f16d366533e0603fb6679c1b57ba5a66cc9ba4c8dd305a65292dcfa7b364bd445e05813f99ce26b3c5ab93d74861fc3fdad9b9998c379579e48b99141bee8ca8d79f3c7baa6a16615d928daaf8cec3efce4a67e314bdddd6f4fac64eaabdfdddc57a4ef1821c859c3fffe2cb7bf7ee1ddd3ac26af0e32f7ef1f1cefe2ee9984caf35ce79f9f2d9cb61b7dfef0d91f6ba44218d2de1a1dca638aef27516911a3529e51489d6d56896594b0484eb82bc2876c682a80e199190e7372a85089d2fe6f03f312796a8ec32d7e54a637d6424a5069d42588a9ea11be56dcd256886033b777bf50f3f7ceb3ffce77fa814c2e73589596088ab5090a5ee993257fa353da9b5b4e834e0423a2522cd24ef8640c9c940583d2fa18c42cf5dc6cf8567d7b2644da9b940f5b7e3abc90d2e62a4cd469d344eb8fb6e309f2ed0608ce8d69ddbe75757e3e94cd3c5926f9dd1e88d77f0d5bd3bb701cacbd3d707874779922bde715c557bf1e245a7d33d383872b5dc39faf18f7e46ef61a85f7ef2c96c3a2559cfe1f2f1f8f6ddbbc07a369f037d03409a56aae47ff009b59956d2ea12bb26111966a8fbde8c634c841b223206af2ad238874306669a1581982bf3e9e6095da81444d52e566283ca57380a9b9a3a580d1006c484e0afcb1155bb53efb4630979f1cdb618969fc42eba0ea82fb7a325b818f65927a9c2b42cd25c2b5754f2518b992f3b979bb44ca15cce17c972891ac601835e7fbd5cb5dbcd2070e7d32963a7abc3c170369d35ea0d2dec4107a659a7d346d77ff5d5531150b20946df782f8bc25eb7db8aeae7a7d714d18d612b4f332a543a877a01684747474992e2bd9ffce4671805b5fee2d9f34f3ff954a279b359ae55e0edeeeddd4c27e859584ca3431e70b848b1828516ab45bbdfd54ca8e768f611b7e83a2a26d51ddd908ee60e0cbd8a5d72ca9fed6480c04f0e4772611a7687a3b0bbd8450ec31aa459e1030b8b5c881db9704be8e6a5dca80be8923e86bbd9868dd9d750b94e6712b576c54b5fe71ef33772961751c59f544f9013848388442b9388b454a8da74db1dc82af2fdbdc1f0f4e415c3e24fb406010525d2ffabab4b1c01eb1e1f1f434ae7e71776d618ecbef761e1bac3416f9da69737133824d345159483e5a12e93a4d96ad2692adabffc8bbf22a79157c330a09546bd1e852825e1fae8f810d35f5fddd0b9afaf3503d5edc8f4acfe35766f5234f1a799b703e0209308c04cd239c815f85ffa4ea3c50ad8157522044268590e1be20615a2e651b518ddd84586243a0ded08d93271a1654bc2b2f2a17653589820303fb2bb5ee09d4fb6b38c063a0627ba2cb5252a02069061e946b3c9ae2b5d925666d4d7e8e7197e3f3f7dbd5c2e837a1844211d3f3c3c1aebeb68a828378d461dae2744babdf6ebd7af658a1c5114efee8c9e3d796a37ef3cf4ba3bc3c10e9bcec7d758b9153719e4e5d535195263d1f40d42550fd248d6d9ed5bb75acd7a97708de3c3c3c36ea733e8f79bf5c662be4c74e56e0901024506c599344085b8921b43c3cefcc140091ae5798968096aa31b4a2db292d1a494199c961f483beb70f90098eb5890c9a719c25fce30a1c01e70a82c6bec6bdcc44722996d40d01f71b9ca29a97d0596e91d1ff21f6cce6f8ca2f6e983a5e5ddd00b29966a08f941e9c7164c0e9e6c57df01929668b96592ace7cb05ad37da2d527cafd30519af5ebda4460108511c2f578be170083aaf2eaff8284dd6b76e1d435af6ee3b1f3a519da21f975e5edfec0cfad8773a9e813d5420d9178aaac7a162dab29b715c0f43aaae2050edd36835a0b07aa40566bffcf493e57cee594eb64e25080c963424c6a5fb42a9e8ad8202daf009316b1898e864e42259eccb1b199844288981d17dc93b33a7c831581967604a0193446640cbce1ccf769dc59c9297da11a6e500da6327f8c1f0371fb241228670a1212cc51e72bc1688ab013ea66aa371b6d2328886cd8ccad2f3a73939bb529a92dd17b379afdbf18310e622b2b79966ff60ffecf40c58d039808823d9bebfbf47525477919dbe778be2a8b573bb3f1cf99e8de643870c5b1d3c737671b5331c6db51d74a9e5c502a426a9415eb9810161dd9cfa85fcce27f05795e7f3f1444f735d2799e142ad732370a1cbb2f42c1b525ecd16a4d43569dd3c09de585824aeb97f80a9a5663a2394c947281dc118c3098e16bd2f8b9c9d79a3f946415b5095cda838bf568e92edbc21b4e8159f6dd9c33840cee0207191a616d8203ee1f4f8802d32f466c3d8d7ab15aa8cd44d0b9c85316edd09282dc743d510ee659aad16f376dcd81f8d48b4f43af282224947fd210359cc166804cee0b98e266428efd3e4f4f40c2a5ea6ebbdbd1d3bacd7617d52d2c9c9e9a83f6038679717847ea7db15616935967c883a802ae92cdd67e4db0ec910c0aeaa4164cd661b7d819821f1124d80814f49dcb3e91cdb923429a02f2e2ed81d4dd96ab6d076e05986e33f23e4698e821a438b89365214c4c7d63ad815b3f23fcc4d0fb59dd249a6306837be338953c9b2d47b7e2b0878c1097aa234d5800a1fd548084fdac0dca04a07c22aa4705e405897de8a288a8569b91975a385bb5baf7896ab05e1c92acf133a864aa132425d225180268c16fa4ebbdd383f3f0ff42d4be24adaa4cf9493cf9e3d035bf41c1fdbb7eeec328cebeb719aa4bde1605e661757177bbb23bab7a6008b75e553a7b4ad3545812e5a023de5332a07cf769059d9a6182f16ad6e97c2f7d5c909d2fef2f23aa5062c6bf5b84ea9469602ca83e188d27f95a40e31b65d7a51e63277a5ebe8b8050318bbd4924cc259fd2e37a8715dc2dcd07591b5c6662a7b99da303cc4a228511c426730b6340d3f5a332debeb2b66358b5c4329b12b9989ea5b8f03d64c8e1084ed611b4da2d1637c2a123033ccfce4ab8caa426772ac4d5638454ddfee5fa6965bdbd91de64566792ec9753a43a9af4981b8ece8e810e1082d4741b05a6a0d5e96e68707878ce8c9b367a117909f10bfaa125fbe7c7978b00f7d9f9f9d859e0f5bc15950445cd753c519a2eb06b898bd0d40a013e24c4b6a7126a023c4c0256c787979098a193eed809b76bb056b4dc8e9f359b3d9c01a57d757666194f6c7f80c9906c137a1233e006d6a1c2a14d0055db35d7442d6d5de063e584b6251ef79313081c2c0951d7083e241a9c228520e3107eabde4a3a63c694f471a51c116481f1ae6ec9c8f7dd496ba55eac210b2cfe48cc9cd947d093c1014d8ee6030c0049eabe595b473717dc570d036c3c1280c438afeed125a9ca18158b57bf7ee9e9ebd9eaf969a62224dbc78f99293f50783f96c767d757574785866c5eb57af063d7db93c2736616b2f17f4002b4305c88f3511aaef59015454375909b75c5d5f477a784f301c0da7b3f17c390ba3a0d188cfce5ec33964c7d1cef0f2ea1213d3261e65f01844535386b211385889bf2056ec03ff8aaf6574190843cadce80a63a7ad4be40615b4207fab1a4d5909d6f5de5811004b831303ecae97beb05e3581b4107f6217b222b8c1f49c54c486e7d42ff91a6899193a51e2c5d51584c2c7f52852c9b4d29a4dce463febf5f8e2e2ccac81211e6b87478727af5fa22ce37a83f1daae433e18ee8cda9dcea3c78ffcc0b3b334c5e847c77a581ebcb333da81135e3c7fce78f77677e8f1cdd5b5a614cc37228062c6468fb713b3c091e1428282aa38ea1affc7f5987ef47bbd9beb1bac33180c1986a46459767afaa63eb417c511fa8441f262e40c5506049bfc3397fc8dd174a1c3f85bd6e36c7292617863ecaf8fe525e01b68024931be217d8cac1db41e4f27c2929c917638b3399d388d3f6565b3089b3d699f3f9569347ba1826a95a9b2a37e9eaf564ba47014f1862c6757e5f5f5d56c36c32674a6d7d60d47676767016226cd46a3213d3b3f3bef76ba9036598df48079efdcb933994e4f4fcfed4f3ef9846a938878fcd5575401143e17e7e7e0fdc183078ce4d5c96b428f1c98242bd0cd0e0c04625dad13981da86056cecdc8313aed8e4623bacec656bb8d509dcfe7601fad8a9e25fa50053decae18d1da1d8e02bf42b45e78195cea2add16df0a2023c3b591437e5dfd1b0ad18224fe872d857fcd740a62189b36c98614161c4fa3589e38a0311a046eecb9558490063ea8d1095193be5146c9578ca45ee1608207f29e2d179563e9bb31307f4d17bc3314549137c378315fdc4ca754a71cc2183b9dd68b17cf116c9c0296de19ee504bc224e88b9397afa81f39117affe0e0f0d9b3e79201181d4ec7b8874747cbd5f2d98be76fbefd7610069331843cbf7dfb36f1bd58cc49d994a042a09699cf4c80d34feb667cc3fbad8d7646234ccfc0822802f55a5861db66758e76c04644ab51447afcb32857225e663524ac6448e39a4fc276a0d04c6589768c5e02c8f00bd6d95e57c25b9aa52255f2e7b69ab57514168aa25070366be448f5ea9b9eeda03b4761364e840400e0b8888a6f6b263caad6be36ba9d27d962b19c2f964aad1bddbaa6de6e3451bc9c4cb0bb0abe6a733dbec120ae551d1dedcf17d3e9781c87519a248c9dedd4257b3b3b80723a9e68c8457e74748c93ec3b776e93e83013e5259d7bf6fcf96867a7d969230d5ebd3a39d8dbc74684341d40ae07a187ee49d7708e9e13051b626eb6b00f4c4b25a6bbff4d5cd36f2dbe90c473f89417435dad570ae4ed0273e98aaf2b43f189f8c0bc647afdd65b43ae9038f50c7b12e6902c2d6fd52436c213845d108254252b4ec1c9a12f1870eb4bd04df2a0193e15efd80e2ee1400e2039902b6850b34c9e1e174d50e1037a8ce989d1eb8b1b383e0e63ca87e9cd144924afd169a2bcc8bbfd4e77d8bf198f05965a65be3cbff7eac50bfc47538c9731828646a3b93b1a3d7dfa942e8bfd1ce7deddbb763b6e7ff1ab2f403e6c80865fac9687c747d4d973a997f5ceeeee3a49a92b67d359b7ddc106d4e08be592810d467d46884ee27d548fd33cad37eb8428314515408c33048601ab602a5439e35ccd17e4590ca3fbca50755a50a7458795425793b2181a9ad83ed094dd8016d6554011d42044c291978b79b1779126006f6fd4fbc3dffbc7cd46234b95213535af292f488393a341619b32f24373e39734293419601873799efd926c5dd6322f70390ebf40e8084764e13a2fc7d369607b11f9aca8c6e3b91f467a946abe5adc5c5bc5a6d7eced76fb65b22af2451879b8ead6ad3b4889c5626141bf7aa0cd767a233f38da9f2e66a76717a88a22c946831d3d90825a91fa13e841f370b1c06939d31b5d16a13262248c713c9eb45aba5a8dd9b1b2ebb98d668c0130193ec067cbe59c140abe308a799c943d9bcc3023fb109b8e59274425adfc2eea40671888e83f1108da4b659059b7ce167187f953e9ba560b5c270c3c5829f035e14797388e1cd9eeb426e32b2496568149f0a84d04be565129e074af629e15c41cef394ca7a68489f465542a791c7b49f55b950c873e10345883f332e07c539b2de6511c722e3d3e3f49f5d51cebe5fcfaf2c92f7f056d867ed88a5b14eaebd5bcdb6e7260a7d7f7c2e8f9cb9774839ac622aa18786d13c5013ae5c9574ff0183d8564ec97272f6edd39ae371bf4f1356993e8208860edd9bcae7be0740f26244ddad12372c8628e3d9bcf18864b898c6cc79769460f288e3104848e4d8862f4cf978f1e1165d0ce62b1aad71b7c24c6c02cd4fd69e6199667480407908710e4002c277dac3942290fa3288cd77507b8781ce1c82e6c25fd1a79331ced9e9e9dce1773c2991dc520b69de6190c4d0b429ba6121427b89f03933c239f1b5653e354983ac2a852454f6ebe8f5325d806326c0cba44e27ab52c37ba6572b39c6fc6535d9b4fd71b47dfe1d86a7726371398275daf29489aedc6cb972fc8bb448ce7eaa914a004fbdc39be15fafe574f1ed57cdcbcb26f2637bb7b3baeab49093cd3a837b526a22851f5a43c9c833c982f16f4b88974d130acc96cdae9b47d479795481198832c01750264cc84cfbffcf2d1d5f518f58911118bf896f48d02a3971a2bc1afb56042a5412d294df538b40d9ff082e5e00911ba496b5af8a79ac0a327c80382c9a87ee5ded96271727afee39ffc8cfcbb85f9f63787d398f9530217c468ed3536855e9294d4430a318903ed9b86a15621a020896f92073ee3076ec4c3d026c703b280e0a8f2d9f5c5c58be784bf1bf8a9be14321f0e86e3ab9b97cf5e2c678babcb4b789d0e532172f6562386a50b7de5a04b9feedfbdf7f2c5cb8bcb4b8a7cfbdd87efe05b5eeb448ff34363f29eae60ac76b3498669341a1834345f6605ea7123d2a5d7ef8bfe4a559e6c0765d3d90c12bc3c3f7ff9fc45ba5a7df4ed0f7746431c8078dfce56e30fec25d162165c6011ce6bd845425b4a83c247ba59a593d9a01726e360ad4735191873e0425c859b2969d93a99cf36958d1c555cc8871caa87c2b1b30ed78c9587cea3e0c205b88e9e689d818242d7c457ab240c63d7f1882f8a3ec21134e85559b14f34c366ba171da34fa67a660eea0e2e0aa290da879843ce351bcd17cf9e713ae2035350639e9f9f3340aaf14eab717d7d1906d040d26835da8de6eb672798d41eed8c000e3c70f2ea15953af2be516facd64bfa1f1b2b335aad79d37a39695ba40e8369b7db78820c793d19b77bfdf96a1dc6b1b4458a7a73de7efb2d88150ad26371962b2404d63716c11abade8fe519171d15300dc9601dfee4a5e4ab7b44cd3369011d38cd746f237245a142119e267811d8625e71530de5e24a0f66d21ec40e2462602b72e65f1c4590a4348c34956ea860d8c04085d6a606bda0b2b13ecc4e5f88753a42233895dd24fbd8672d854af4d89ebb7bfb38ee7410028c8b2dc4e8c1e1e16c3ea7366b35eae4ffd16080ce4e9335f47270b0f7fad58916d85a62bc83a383c9d58d6e740747880970bd9cce0ff70fc8ef98977260777f57cf62a20b5585ce47fa3012acc08ef49edf0902ce7cbb1b32801e22fb91104db26dab15463e50393f3badc7210ee7286870bd4e3837f80389d0896fc4252fa08e37c4d1a054375d12677ac205c3468372acc2c2cc026e59189ff09e383097ac4be0cb27b861fbf4395ac7516868c207312e8a0863e43eded612578062d675e21e9a4125920c38970401fdd8a0e25700761b64eb3c43a64d17ab459612236556a00adabb234b6bd63660deae899d605d84df783cd66384b3acdbead64a2d57a6f73b432decf9eac957611ca645d61b74a9274e4f5fa35e8a4eb3f3eac52b8eec75dacaad8e7b71798df918aa561c3b36244be01095c8702a1dbabb0011fa8698b0d1e812b618677c33ae1340ad96a7b5d1ceb367cf66b3c983371e406124e7155e12881c8d553c533248106db08fbc3439d6549bd020d1a0470b1003668225cd12e2869ec82ba278cd41629aed5382384c19017fc963d227241b215091a5c92f4c4cbaa27186a64eacf47488c57201f6c7e31bb8b81ed729d6cd9483ea557c405f60ad9bb9a6ea5ebe7cd5edf5515fabb92e15e9aea82cbd3c3dc5be86b20818ebe0609f1a5e815c16d0bd174520358e03e272676ff7f4fc0c982bbdb8cedef1d18be74fecbffd6fffc5cd178fce5fbc7ee3cd87a808d7b754ddaed283bdbd324f092b15639b4a2b8cc5b0e6fb766b4eb73380eb371b744dd5eaf46b9b1404067ebc712d48e9eae2eafaeae6ad87ef421f9060a7dd4630002e948cbe7ac95c9b04929220961651959b8c82529a7a43aee34fdd5c6a824c89945c14fa5a46401054b00d875afa0a5eaf56431f73740e5de11d5b6b606015d0ad3b34cdc43aff1173c428cc82b7181a129d88c191806e415d5db3a82a10d7580c717d43e918c7b3d5fac9d367882aaded4ab29dc19003c924a51e97e70c77fb67a727c8869bab4b8a6ba26ad81be02d8ec5b7d364e944f0701a509724596b305c64c5d9c5551405b4bf7f74ab2a32fbcb7ffdfffe7ffe9fff4fcf7ffafd6a95a6abac516f5f9e5de891229df612711a375f9f5f32c076a74398139e145d47fbbb3bc34ee05759bad2fd49812b396d558d482a3a9d8dafafafeebff146a0ab1697f4a60eda816e1890601730dc528f5b53001b7883564003a87189c805aad96ca2400fb6872275b1b5d4d77f19e1c4fe5ace008e39213c4f9ad13612acf98377601bea91544490a83cdac0516c46e0f2a233f88ec3496e842c79990cd6ea74d83f08eb7354da72d56b77e16b7ad71f0d9bdd9613e8790037d3318def1dec8551e437e246ab49b85c5c5ce02d404d5f88bd8bcb0b882e5d2c1bd0f57c86b6b1031fadbcdbdf79f5f40578c88bb419d76eddbd6d47f6a2b87e7af5f1f7febbfffb7ffef7fff25f9cfeeacb8b97afefddbb9bd7724a43a2ffe5abe707477bc8c2d58a1a7531199fdfb90df5274e65278b4cd59ded59964fec44cd469257e3d57c676fa7d16c4ec6372f5fbedcdddddd52703d8adacd189bccc663c0ac8b18ca6618dd2c7934448caaae51769a6ff48019700b002709babab5451a1037b1c5448061145d67962730a8fee46353fe287ed80a4b9babd8fc20f2c90ff88fd3415f2bf31824511d414fbdeae84b60f3bcc419000eec939a28aca97156e9ea7a722396afd56eddbe7da4db7d6acd765b4f02d7c3c8e6700a653cada5ba46951749d1ef0e962487f5ca736b65b6be7b78b09c2e6e26eba8de5d1576d53da4af7a04796415ebabe73ffaf33ff92ffe6fff97c73ffaabf4fc647579dd8b9bb39bab629ddc3dbeb39cafac9ab758a461d4eaf677d2bce604cdf38bd9a0db69f8b6827f31fbf4a73ffde98f3fded93da4ace59c8f1e3d3e3c3c24cf4c9564d80515d5ae477ade1616a3b6013bfc96f1f4a31738a7c84748a006012b3be104041f7902a63258d7fdcba291afd7eb4966ea5e35458c708d1fb0252612b04d7cf0e736b07044a42fc5896073387d3aa1e45c509882ebd90cbd914da633f19ebe88bf4226b0913db0ddf8fa2af4dc51af57271ca23a72a5d5eb7036c4de72bec0cd64984eaf43d10eafd9be1f77bb08ec8bb30b4a7d9cd01fc2af88c517c5baf6e73ff8fcbffab31fdab5d2cdd31a3c0bc036769e4e4fae7ef5c3bff82fff1f3ffa6ffec5e9e79f7df9c9cf767aad6ea39eac96dd4e87e86bf57a411ccb0445b6bc3aed39f9e4d1cf3fff9b3ffbfceffeedbffaaffe5f6e9a8eda3decf8f8abc783e1009893d6d7494a30ea8175fac2f30207c45a50b751e565b48730ac09064df4017e581d0b99cbc9f0aac2440f3432348293d01c44331fb10368c6ee4aa77291902e16328b1179c3768e56c0e84ab426d991d5837e1fd945bae6c364b5ced689599ea69b1ae82ab971be5a50702659429aa8348d90dbd5a61985efbdfdd626cde6f319418c18a7d966b3359f4dc94544fbe1f1112409014be15bc5d1fec1d9c9655eeac19d35a776bcdb7df58b1ffc8ffff57ff13ffe77ffedf327277661fba4f95abe7637854b91bfd9d4ad32cac6f3e73ffbe19ffe97a73fffdbcde9a3cfffe6bfbffaec07f3af3e5e3dfb349abd7ef60f7ffee21ffefcd15ffda9fdfacb17dfff773ffdb37ff9e4277fb3b87cdeaabb6f3f7c50dad5d9f905c3be75ebd63a494e5f9f0e4723c0461e25842913860325616a2b181473202af084b15aa9591440aba01799c330d810ebc888bc90e5b49360193df316a36bf50076352b6a0c96b7fbeb4fe941dca08f3712aa78a4dcf89e8ffc40568b6c2cfb667c838c5cad96688f9b9b9bd7af4f38236c561679abde846a903a74ebe8f0902c469da2a89d4ef534850a7816ad46536b16e7f32c5dc387711c5d9c9fba7699ad66fb3b43064c8b0da776f1e8b3eb473f2f4ebe587ef9e3defa2aac32dbad15be557a9b1c4ee52776adfd417bd4af773b41db4977acd5e2c92700f9f1f7feed0fffe4ff933cfd78f1c53f3cf99b7ff5fa277f79f6c9df47c94535bf72ca4c57f6cbeae0cebda307f796251cb73a3e3e86e6d05b6460d2cee9e91986267da3885b58bcd02414828c3792fb5b33512b5ab6874cd52c2391a42bf19a1b23c1ea7bb8f184188603485bf0005582c24253950232c6c609c6055f97a3d03982d46cd146f41cd687739056b6e7b0e17a3209ead17cb55ca7c96c367bf5e265238c92d9bc5cae3b8d060211a78ff676f6f7777bfd1ebd2557939c27f3f93a4d27332d52c437939b311d83f446c3e1f5c52589294937f860d40ecf3efde1d98ffee2e2477fb57ef2ab6164f75b7e8cf38bfcff0732ae4dc487e5a2620000000049454e44ae426082, 'CVF0Hb9sHXze364ty51pH1XcfrylV1vByfU9ssapZn9f5UHu7cCn4XAvoQmv', '0000-00-00 00:00:00', '2018-05-16 06:17:07');
INSERT INTO `users` (`id`, `name`, `tipo`, `email`, `password`, `imagen`, `remember_token`, `created_at`, `updated_at`) VALUES
(2, 'Alma Villaseñor Franco', 'ADMIN', 'alma@yahoo.com', '$2y$10$ulPM0q4PuWmddMPiNja6hujiV.0t2v3BpIDF9h5ovrqz5fdrQa3Cu', NULL, NULL, '0000-00-00 00:00:00', '0000-00-00 00:00:00'),
(3, 'Sulpicio Sanchez Tizapa', 'ADMIN', 'sulpicio@yahoo.com', '$2y$10$9R.q72ntDHczPtUYR9RN3ODxixrQ.LQHWBiM6yb6lS8ms94b91RJ.', NULL, NULL, '0000-00-00 00:00:00', '0000-00-00 00:00:00'),
(4, 'Fermin Hernandez Patricio', 'USR', 'fermin', '$2y$10$50bIfE0/nYSWeVTUoMO7Y.3nCzWILXaZ2XkZqBj6zEWJBfJtx.Im6', 0xffd8ffe000104a46494600010101007800780000ffdb0043000201010201010202020202020202030503030303030604040305070607070706070708090b0908080a0807070a0d0a0a0b0c0c0c0c07090e0f0d0c0e0b0c0c0cffdb004301020202030303060303060c0807080c0c0c0c0c0c0c0c0c0c0c0c0c0c0c0c0c0c0c0c0c0c0c0c0c0c0c0c0c0c0c0c0c0c0c0c0c0c0c0c0c0c0c0c0c0c0c0c0c0cffc000110800ac016c03012200021101031101ffc4001f0000010501010101010100000000000000000102030405060708090a0bffc400b5100002010303020403050504040000017d01020300041105122131410613516107227114328191a1082342b1c11552d1f02433627282090a161718191a25262728292a3435363738393a434445464748494a535455565758595a636465666768696a737475767778797a838485868788898a92939495969798999aa2a3a4a5a6a7a8a9aab2b3b4b5b6b7b8b9bac2c3c4c5c6c7c8c9cad2d3d4d5d6d7d8d9dae1e2e3e4e5e6e7e8e9eaf1f2f3f4f5f6f7f8f9faffc4001f0100030101010101010101010000000000000102030405060708090a0bffc400b51100020102040403040705040400010277000102031104052131061241510761711322328108144291a1b1c109233352f0156272d10a162434e125f11718191a262728292a35363738393a434445464748494a535455565758595a636465666768696a737475767778797a82838485868788898a92939495969798999aa2a3a4a5a6a7a8a9aab2b3b4b5b6b7b8b9bac2c3c4c5c6c7c8c9cad2d3d4d5d6d7d8d9dae2e3e4e5e6e7e8e9eaf2f3f4f5f6f7f8f9faffda000c03010002110311003f00fdfca28a2800a28a2800a28a2800a28a2800a28a2800a28a2800a28a2800a28a2800a28a2800a28a2800a28a2800a28a2800a28a2800a28a2800a28a2800a28a2800a28a2800a28a2800a28a2800a28a2800a28a2800a28a2800a28a2800a28a2800a28a2800a28a2800a28a2800a28a2800a28a2800a28a2800a28a2800a28a2800a28a2800a28a2800a28a2800a28a2800a28a2800a28a2800a28a2800a28a2800a28a33cd00145203b8715cbfc5df8d5e16f80de126d73c5bacdae8ba609162134d93bdd8e02aaa82cc7e8381cf4a00ea68af9cef3fe0acbfb3fd867cdf88564b8ffa73b9ff00e375d77c03fdbb7e16fed3de28bbd1fc0be268f5fbfb183ed53a456d346228f38dc59d40ebc53b35b85cf5ea2807228a4014514500145145001451450014514500148cdb172696a87892e8da68f338ea149fd2803e59ff00828bff00c1502c7f6199fc35630e8afafeabe276b8f221fb50b68e28e109bdd9f639fbd2200a179c3723033f2c2ffc1c6f7f0ebd15949f0ee0dd2a9753fdbb857c755cfd97838f5fe95e5dff0005d1d5db54f18fc1a9dce59e0d6c124fa5c44bfd2be43b1f837378e3e05f8ffc6d66b23de7c37b8d2af65550cc0da5c3cf0cc4807b1f29b241c053d3923e0b35cd31f1c7ca8509d925a2b2ed7ea8fea8e03e08e17adc2b4335cd30ca7394ace4e535bcf952b4649755d0fdf4fd8a3f6ecf0d7eda1e05b8d57488ee6c6e74f9c5adeda5c85125bc85430e5490cac0e5581e707804115ee80ee15f873ff0457fda03fe15cfed4674096e192c3c77606d231bc84fb64399add88e87e5f3907bcbd7b1fdb4f096ac358d12197b951907a8afa4c8b3096330aaa54f8968cfc73c51e11a5c3d9e4f0b854fd8cd29c2fae8f757eb669af42fdc5c2dac45dce00af877f6deff0082d2683fb2e7c54baf06e8da23f89b58d32257d44fdafec9058b3a8748cb98dcbbed2ac42ae0060376ec81f527ed11f14ec3e147c3fd575bd4a6f274ed12c67d4af181c1114285db1ea4e3007726bf9deb5fedefdae3f68148d8a0f11fc50f11fcc71f242f733649c0c611037b702b9388b33ad878c29619da727eba1eff00845c1980cdeb57c76711e6c3d18eaaed26fcdab3b25bd9ae87e85f85ff00e0e37bad676cf2fc3c44b5494a4a06b63cc001e481f66c1e3903233d322bf4afe107c5bd3fe2ff00c3ed17c43624fd935cb08352b7dc30c629a312212327076b0ee7eb5fcd478a344b7f0778ebc63a4da645ae95ae5f59c20924848e5645e4f3d00ef5fbb1fb076bd245f01fe1c5a063b0780b42900cf7364bfe15c9c3b98e2abd7a94b112e64bc97e891eef8bdc2191e5995e0f1b94d0f64ea377b4a4eeac9ad25295be458ff82917fc1443fe1867e1f68fabda68c35d9f59d5d34948cdc79090b189e42ecdb58f4400003f8b39e307c77f623ff82ccea7fb4dfc7dd3fc15aa785ad74ffed2b7b89e3bab6bd32ac7e4a798432b46a7950d821bae38af1cff0082efea8f7df01bc385c93e5fc4158c67b0fecf27fad7cdff00f049eb929fb70e82c3aae93aa91f8594b51986638aa79b53a109da0dad34ebf23a784b83b24c5f01e2b34c4e1d4abc6351a9de574e29db44eda5bb1fbc577e2d820d245cab29de30993c127a57e687c4cff82ffeafe19f8a5e25d134ef05d9bda787757b9d2cc975a895927f2253197c2c442eeda4e32d8c81938e7ec25f124f2fc3ff000c1ded99afed55b9ea0c8a0d7e0d7c659f1fb42fc4dffb1bb54ffd2a92bab8a31b88c35283c3cb95b7e5fa9e27823c33956738faf4f35a2aac631564dc959dff00bad1fd05fec79fb50c7fb507c07f0d78c1ecbfb2dfc416ad702d5a412188abb46c3700323729c1c0e08e05717ff050ff00f82815a7ec35f0c34fd73fb33fb6ae754d523d26ded85cf91991a3924dc5b63e15447cfca4fcc3a57907fc12df5896d3f657f84b1ab108fa1ddb119ea7edb35783ff00c177b589352fd9fbc30d2124c7e3f118c9edf6063fd6bbabe2aac72cf6f17eff002a77f3763e632bc8b035b8d7fb2aa42f43db4e3cb77f0a6ecaf7bf4ef7f3363fe221bd5bfe89fd9ffe0f7ffb96a6b2ff00838775059ff7ff000f2d9d3bedd7f047fe4ad7c01fb347c10f0c7c7ef8ab73a778b62d627d2749f0fea9ad345a5dff00d8ae266b5b66995049b5800c531ca9ebd2ba183e11fecf37b687cdf0afc77d0c9fbb7165e2ab5bc64ff68a496ea0e3d3233cf22be672fa99d6328fb6a55b4bdb68ff0091fb4716e13c39e1fc7acbf1d976ae2a5753abb3bff7bc99fa69f093fe0bd5f0f7c577b15bf89348d6fc3bbc806e0c69776d1f4fbcd11f33a93ff2cba0f7c57da1f0c7e2e787fe30f856d35af0eea967aae9b7c9e643716d2892390743823b839047504104022bf9dbf8a7fb2fdf7c33f8737bf10bc09e2c7f88df0eb4d9d21d53ed36bf63d7bc35bc8546bb8012a636638592366538e769e2bd03f603fdbd358fd91fe29596a71dd5cddf853519146b1a7c6ff2cf11e3cf45e82641f30231b802a480723a2967d8dc1d75433249a7d574f3ecd1e4e3fc2ce1de21cae5997075471a91d7d9c9dd3b7d9d7de8cbb5db4f44ed7b9fbadf1c3e2dc1f07be1aebdaf48866fec4d36e35178c300ce90c4d23019e33853d78afcdbd37fe0e29d4f55b086e53e1f5a2a4c81c06d77919ffb75afaa3f6abf8bf6975e02fed1303eb9e1ed634b922b88ed2400ddda5c4257746c723957041e457e516a1fb3cfecb5a3dc3404fed463cb3b709a86901463d3f775ee66b4b30a8e2f033e55d76fd4fccf8131bc29848d68713e19d595d72eb356eff0b5f89f5dff00c4435ab7fd13fb3ffc1eff00f72d1ff110d6adff0044fecfff0007bffdcb5f0c7ed51fb367c38f84bf0efe1878d7e1cdff00c4992cbc67a86a967716de2cbeb69a48fec82100aac11aa8c991bab370074e693f64dfd9d3c19fb4578dfc607c757de32b2d13c1be10bbf11b8f0d5dc505e4ed0cf6e9b079a8c841595b8201c81f301907e4e78ccde18b58375bde7e51ff0023f78c270ef87d88c865c430cbbf731bfdbab7b2767f6fb9f741ff008386b561ff0034fecfff0007bffdcb5f76fec5bfb5547fb55fc05f0e78c9ed174d7d7e296416c2612f94639a4859776d5ce1a33fc23ad7e29dafc0afd96ae9c046fda9b93c1fed1d23ff0088afd2dff8270ebda447e1ed0fc3be0db0d7b4ef08f866c05a591d666496fae19e579649652802066690f0bc71c63381f519551cce155bc6d4e68dbcb7d3b2f53f10e3accb82f11818478730ae9565257779bbc6ceebde93eb63ee2670a39af04fdb5bfe0a5ff077f603d01ae3e2178aed2db55787ceb5d06c88b8d5af5738052007217fdb72abc1e78af8c7fe0b1dff0005f5b6fd9926bff861f06e7b2d5fe212fee354d74ed96cfc3e7bc718e565b8fafca9df2dc0fc32f18f8975df8b1e31bcf10789756d475fd775294cb73a86a170f3dc4ec79396639ff0ac335e24a7866e9d1d65f82ff33d5e06f077199b4238ccc6f4e93d5457c525df5f853e9d5f64accfd30fdaabfe0eaaf895e39d42eec7e10f84346f05e958db06a3ac2ff68ea2dfed797c4299f421f1eb5f107c50ff00829c7ed21f1aa490ebff00197c7b34327582db5136510cfa241b147e02bcaecbc35823e5ad6b3f0c6ec7cbc9af86c571157aafdf9b3fa5323f08b2dc2c52c3e1e2bcdabbfbdddfe26637c4ef1ccf32c9278c7c5b248872aedabdc165fa1df5dafc39fdbd7e3cfc126cf867e2f7c40d2a3525bcb1ac4b2c673d7e590b0ace4f09fcbf75457b37ec53ff0004d6f19feddbf105b4ed02ce6b4f0f58481755d69a2fdcdb67fe5947da49d80c85e8a32cd8515960730af88aea8d0bb93d8f5388f83b0395e5d531d9972c28c15e4e495beeeadec96edd92d59f51ff00c134ff00e0bb1fb587c45f8976de1bd4b4ef0ffc4bd06d8c6ba8dfea565f62b8b18c9c9c4f000af2b2e76ab21271ce002c3ea7f8f3e31d7be3a78c9fc41e259d65b88f7c565671e7ecfa5c64fdc8c7763fc4fd4f6e3afa1fc2bfd833c33fb26fc38b7f0df86f4d4863b74c4d3925e499c8f99d988cb33777efc6000001ccf8ebc2ef605b207cbd735fb76579754c3d04ab4b9a5f97923fcffe2cceb0798e612a997d154a92d124acdf9c92d137d96ddd9f3a78cbc3c417ebf89af62ff82287c19ff84fff006b6f1d78ee752da6fc3cd3e3f0fd89e769d42e809a7607a129008d48ede6d79d7c59bdb7f0ae81a86a977f2da69d0c973311fdc452c7f415f787fc11c7e0f0f851fb047842f2596dae754f1d097c5ba8cf6f22c91bcb7ade6a2865e08488c49edb0d18ede34fe7f77fc1b1c7965e9d1ab89f2e45eb3bdfff0024524fd51f5181814b4515cc7385145140051451400514514005145140056578c7fe40171fee1fe55ab595e31ff9005c7fb87f95007e2aff00c17165f2fc41f05bfeb86bbffa551d1ff047ad2f42f187857e38681e24320d1bc59a6695e1c9ca00594dfdc4d65191c8c1f3274c1ce4751c8aafff0005d297cbf107c14ffae1aeff00e95475c5ff00c13d34bbad6ff671fda13ec8e62b88a0f0dbc4cbf79245d48c8ac3e863fe55f0b520a59f59ff005ee9fd4585af2a5e15b9c5d9ab35ebed51f38f81355f10fc01f88b2d9999f4ef16fc3dd6a4b37647c982eed262bd4633f327b6457f467fb30fc5db0f8adf0eb49f10e9cc3fb3bc45a741ab5b2860de5aca818a123f89589523b1046057e167fc150bc23fd87fb50e8fe3db681a1d33e30e816fad3e36ac71ea508fb3de46aa39cef8d6439ce4cdc1ec3ee5ff008220fed23378a7f677d4bc1ecf249a9781ef82dba99092f6778ccc9818e8932c80e3380ebd323379249e1331a98496d2dbd57fc039bc4ba51cff00843079fd1579d2b297a4ac9fdd2b2f9b367fe0beff00b48ffc221fb3cd9f82ed2602ff00e215fadbc8bc12b636acb2caded994c2bee377a57c99ff00045ef04591fda32fbe20eaf087d37c1ff63d0f4dcee05b53d4e75b542bfc2db21698b039203820670479f7fc15aff6894f8e7fb6e7899e0984ba2f81221e1bb1618c3b4258dc3e475cced2807d156be83fd923e185cfc2ff0087ff00b3a785cc72477be24f125a7c45d6d4b06199a658ac578248c5b216238e65e99aaa5fedd9c39fd9a7fa7fc1d4cf1b6e19f0fa1855a56c53d7bfbdabff00c9572bf33e18f8b171b7e32fc43ffb19b53ffd2992bf713f60e3bbe0dfc363ebf0f740ff00d225afc2ef8bb718f8d5f1107fd4cda9ff00e94c95fba1fb051cfc17f869ff0064f3c3ff00fa44b51c32bfdb2b7f5d4dbc6a95f87b2e5fd7c27c91ff0005da7d9f007c3fff0065147fe9b8d7ce1ff04979fccfdb8b431ff508d5bff48a5afa27fe0bccfe5fecf9e1ff00fb28c3ff004da6be6bff0082464de67edd1a17fd81f56ffd2196b3ccd7fc2d53f58fe876f044bfe35c6317f72afe4cfd7c83fe49ff0084bfec2369ff00a352bf077e35dcedfda27e26ff00d8ddaaff00e95495fbc507fc93ff00097fd846d3ff0046a57e087c71b8dbfb46fc4fff00b1bf55ff00d2a92bb38c3f830f53e77e8f72b66389ff000afcd9fb09ff0004bc6ddfb2cfc213ff00501bcffd2e9abc1bfe0ba926cfd9dfc37ff650ff00f71e6bddbfe0966dbbf653f83fff00601bcffd2e9abc13fe0bc0fe5fece7e1b3ff005513ff0071ed5e8627fe44ebfc0bf247c9e4cffe360b7ff4fea7e723e69ff82635baeb1fb505ddb3f2971e12d72261ecd64e0ff3afd3cf87dff04ebf0d78b7e1f5b4a6da3df2400e76fb57e607fc129a7dff00b5c91ff52b6b5ffa46f5fbbbfb3dff00c938b0ff00ae29ff00a08ac384ff00dc9ff89fe48f4fc7b77e238ffd7a8fe723f3abe20fec7517eccdf19b49d47ec715ef86f589c68daf58cb1ef86ff4eb9611cf13a9e186d3b803d1914f04035f98be32f023fc14f8ade32f043c92cdff00086ebd79a3a492a6d6952299915b1d395008c7183c715fd0dfed91e0587c55e0f44318691ee220bf2e4e4b0c57e097edc7ab47a8fedd9f19a788ee4ff84b2f20241c8dd1b98dbf5523f0ae7e2f845d0849ef73d7fa3e62aac332c4514fdd714dfa9fabdff04dbd56dbf683fd8a3e1c41a9a979adec6e344937b6e056d2668a2c67b795b3e9d3b0af47f16ffc136fc31736d3dc0b68b254b7ddaf07ff008230dcbe97fb267c3e0589fed3d6b58b85040f9556544207b64679ff000afd1ad68eef0e49ff005c8ff2afa0cae4de0e9396fcabf23f25e38a54e9f10e3614b6f693ff00d299f893ff00057ef025bfc2df857f05347b50161b6d73c40540f71686b97ff824ae931f8afe317c4ed3a5e63bcf86fa844c3d8de590af46ff0082f249e5e85f077fec37afff00e83695c0ff00c11726f33f68cf881ff64f2fff00f4b6c6be4b17ff0023e8faafc8fdf72197fc6aeacbfbb3ff00d2d9fa3df0d7fe09bbe19d4340b6b86b58f71507eed7cddff058cfdb7ec3fe09adf0a23f86df0eae2287e24f8c2d4892e216f9f42b2208330c7499fa267a025bd2bf43750f8afa57c0bfd9d756f186b93241a578734d7beb86770b908a48504f1963851eec2bf971fda7ff0068ad6ff6bafda33c53f10fc412b4da8788ef1a6033958621858e351d95515540f415eaf1366cf0b47d8d3f8a5f82ff0083b7de7c07835c0d1ceb3078fc5c6f468b564f694dea979a8af79f9f2a7a3670567652ea372f3cccd24b2b97776396763c924f727b9ef5d0e95a16dc645268fa7e40aeaf4ad39411fe15f8e62f18ee7fa1bc37c391959b453b2d01491f2d6a5ae88b18fbbd2b4a1b7100ce2beb9ff82667fc12d7c43fb70789e0d735786ef47f86f673e2e2f4831cbabb29f9a1b7247dd07879070b900658e070606862b1f5d61f0d1bc9ff00577e47d9f10e6191f0b6575337ce2a2a74a1bbeadf48c56f293e896afd2ece53fe09ddff0004d0f147edcde348e548ee74af02d94e23d435809febd87260b72461a4c756fba80e4f3853fbd9fb3d7ece7e16fd997e1c587863c29a5db69ba75845e5aa4498dc78cb13d5989196624963c935adf09be12681f04fc07a77873c37a659e95a4e9702c16f6f6f18448d47603f3249e4924924926ba39ee12d616924758e341b9998e028f526bf76e1de1ca195d1d3dea8fe297e8bb2fcfa9fe5d78bfe31663c718fbb5ecb094dfeee97fedf3fe69b5f28a6d47ab972ff0010fc096daee9d24b85491109ce3a80a4e3f415f2dfc5cf05a42927eec719e057d95708b756add1d48c8ee0d7cf3f1b34586233051f28271c678afb9c154728b8be87e1b888a8cae8fc92ff0082c3fc4fff008543fb376a165136cbef13dc0d3a150707cbfbd21fa600527fdbae0ffe0dbeff0082cbde7ecbbf16ac7e07fc49d62493e1c78bae443a1de5e4df2786afe4385404fddb7998852bc04721b805b3e55ff05e3f8bb1f8c3f69eb7f0a5a3eeb6f08da08a6553c0b897123e7dc0318fc2bf3ef55b668fe605948e4107041ec41af8acc7326f3193a6f48fbbf76ff8dcfdeb23e0f87faaf4d578fbd56f53cd5edc8d7fdba93f9b3fb8da2be16ff837bffe0a1337edfbfb0069136b976b71e38f87cebe1bd78b49ba4b9f2d01b7ba61d732c58c93d5e390d7dd35eec26a71525d4fc6f15879e1eb4a8d4de2ec145145518051451400514514005145140056578c7fe40171fee1fe55ab595e31ff009005c7fb87f95007e23ffc177a4d9af7c13ffae1af7fe95c749ff0470d3c6bdf0d3e3bda90184b1f87863fedee73fd2abffc17bae05b6b9f04999828fb3ebd924e3fe5ee2ad2ff008216dc25df873e350fbc243e1e008391ff001f573fe15f14d7fc2f27fd7c27f49c67ff001ab651f4ff00d3a8d2ff0082987c157f10fec69abc905b29d5fe106bb17882d4a5bf993369b7ac20bb45c720094412311d97918195f983f618fdb2352fd8f7e25ea3e29d2a27bcfed1d02f74ef206d21e478f7db310dc616e1212ddf66fc67383fad9fb40fc33b25f16da5b6a48bfd81e35b297c37aa8600a182ee331066cf1f248637e7fb9dbad7e117883c2f7df07fc67af783b5b536dab7853519f4bb88e5051b31b950d83ce08c11ec452e25a33a55e18ba5a3ff0022fc18ccb0f8fcaf1190e397343b3ecfb7ceefee3bdfd97be0edc7ed27fb45f82bc0f248ccde2ad5d3fb464dfe5b0b75266ba70d8382224908e3ae2bf5d3e1fe96bf12be3c278cd147d8ee35db68f4f3b02edb58a448e1e3feb9a2fe75f0a7fc125fe1bdc5b683f117e288dd1cd1451782bc3f204ddbaeeefe7ba7560728d1db2f07fe9af5e307f52bc11f0e13c0be08f09c7b36b0bcb5edff004d16bd1e19c2ba7867565bc9fe07c878cf9eac5e730c0527ee50497cdeaff0b1f82bf186e31f1bbe22ff00d8cfa9ff00e94c95fbb5fb029cfc12f865ff0064ebc3ff00fa44b5f829f1a2fd22f8ebf1150ba863e27d4f00b727fd264afde9ff00827f9cfc0df861ff0064e7c3dffa42b5c1c36ad8badfd753eabc639df20cbd79ff00eda7c85ff05f17d9fb3c787bfeca30ff00d369af997fe090336ffdbbb411ff00507d5fff004865afa53fe0bfd2f93fb39f87d89c01f118127fee1a6be5dff82395f25d7ede9a084756c68fabe769cffcb8cd59664bfe1629bf389dbc193b787b8b8ff72afe4cfd9483fe49ff0084bfec2369ff00a352bf00fe3c4fb7f691f8a1ff006386abff00a57257efe41ff24ffc25ff00611b4ffd1a95fcf9fed05a8c76ff00b4bfc51569114ffc261ab1c16c7fcbdc95d9c58af4a1ea7cf78093e5c7e25bfe55f9b3f66ffe0956dbbf64df83c7fea0379ffa5d357817fc17adf67ecdde1aff00b28bff00b8e6af7aff008251b6efd91fe0e1ff00a805e7fe974f5f3fff00c17e66107ecd1e1a662140f88bc92718ff008973577e27fe452bfc2bf43e5f2895b8f5bffa7f3fce47ccff00f049b9b7fed7c7fec56d6bff0048debf79ff0067b38f87161ff5c53ff4115fcd6feccbfb525efecb7f1621f18688341bebf82d2e2cbecfa9c6d3db491cc9b1c32aba13f293dfbd7d317fff0007037c628f47367a74fe04d0a3d9b15acb4d7cc7ee04933afe608e2bc2c9338a184c3ba5553bdefa2f43f4ef133c3ccd3883378e370728287228fbd2b6a9be967dcfd73fdbf7f690f0efeccff06753f16ebf716de5e8c9e7595a492857d4ef00260b78c752ccfb49c670a198f009afe7275bf11deebba95fea7787ed1ab6b57925d4db100f3a799cb1c281dd9ba015bbf1cbf6c1f17fed5de3e8eefc51e23d63c69ae48db2d6d220651167f8618230238c1c7211467a9c9afa4bf64cfd8e6f3f677f14787fe24fc59b5b78fc4c214d4bc1be0073bef24b82418af35251ff001ef14790e226c48ee31f2f96c0c62ea57cdebc614e2d4177fcd9d190e172ce01cb2ae23155e3531153f97cb68c7aefbbb2f35a1fa27fb07fc2d6f83da37c3af87ed1ecd43c0fa0c6bac2060eb16a3744dcdca061c361a40323d31ce2bee2d6c6df0ec83fe999fe55f34fec07f0b350b1d1a4d7759633ea9ab4d25edd4cc306596462ccd81c7249afa67c4636e8738ffa667f957dd52a6a9c1538ec958fe5ec7632a62f13531557e29b727eaddcfc5dff0082f7c9b340f839ff0061bd7fff0041b3af3eff008227cbe67ed21f107fec9ddfff00e96d8d773ff05ff9c5bf877e0db12147f6debf924ffb3675e77ff043ebb5bafda4fe211560c3fe15d5ff00439ff97db0af8bc52ff85c8bf35f91fd2591d4ff008d67563fdd9ffe96cfad7fe0e0dfda166f859ff04efd27c2968ccb71e38bd8e191836311425188c77c96047fd73cf6afc2fd1fa2d7e927fc1cc7e3ff00b578fbe15f87d4b7fa2696f732027e5ce4edc0f5f9ce7e82bf35748b9000af0789eaba98c9b7d34fbbfe0dcfd27c15c1c3099061a16b395e6fcdc9e8ff00f01515f23b3d1dba5749a748368ef8e7e95c76997bb483d077afd30ff8243ffc11c6fbf68dbcd3be207c4ad3e7b4f04616eb4dd2e652afad8c8db24a3aadb9ea075931d9793f1b86ca3139862550a0b5efd12eecfe92ccf8ff0027e14caa59ae6d3e584764be29cba460bac9fdc96ada49b32ffe0967ff000497d5ff006c3d5ecbc5fe32b6bad3be1c42fbe389b74536ba472029ea96f9e0c8396c10bdd97f713c0be03d2be1c7866cf48d1ecadf4fd3ec2148208208c471c48a30aaaa380a00e055bd07c3d69e18d321b3b1863b6b5b74091c5120445006000a0000000000000000018155bc7de3ed17e16782b55f11f88f54b1d1342d12d5ef6fefef251141690a02cceec7800015fb5e439061f2aa1ece96b27f14babff25d91fe6df8a9e2c671c7799fd6b1cf968c2ea9524ef1827ffa54dfda95aef6492492b5e23f1269fe0fd02f355d5af6d74dd334e85ae2eaeee6511436f1a8cb3bb3602a803249afcd7f047ede7aa7fc15bff6fdd03c13e049aeb4bf807e02ba1e22d4af4663baf1c496cead6e48e0c761f68f2c843f34e1771c26037c61ff000564ff0082baea7fb76ea33787f457b9d0fe0adb3efb2d3264315cf8c76b663bebd53f325a1c2bc36e70d270d20db853f74ffc1b95fb3dcbe0bfd9af5cf883a8dbecd47c717aa2dde403ccfb34238fa02ecdc0fee0f418e69675f59cc2381c26aa3ace5e4ba2f5764cf768f86eb22e10adc55c40ad52aa50c3d27bb94ffe5e49768c79a515d5a4f6dff46bf83f0af9ff00f690f11d9f827c21ac6b7a89f2ac347b29afee18f188e28cbb7f2c7e35eefaaead6fa3da34b712ac48a324b76e40fe6457e587fc1c15fb628f877fb1a6a5a1e92d25b5e78dee934a89dc6d91e042259f8cf00e110fb391debeb96256170f53112fb2bef7d17de7e3594e4f3cdb34c365b4dd9d4924df64fe297fdbaaefd11f847fb437c4fbcf8d3f1abc4de29bf3bae75cd466bb719ceddee4e3df19c7e15e6fada008dc56d5d4864939ac6d73846afcb284a529de4f53fb3f37a14e141c29ab452b25d92d12f92d0fd1ff00f83503f6a46f837ff051dbcf01dd5c3c7a57c52d126b34899f11fdb6dbfd2226c77628b3283fed915fd2ed7f1a5ff04c3f8967e107fc1497e07f8843ec165e32d3a372067292ccb130fc9cd7f65b5f7596c9ba567d0fe54e34a0a18ee75f697e5fd20a28a2bd13e4028a28a0028a28a0028a28a002b37c55099f4599477535a54d96312a153d0d007e50ff00c141343d0bc557b67a378ffe10e8bf1334cd1279e4d2de6bebbd3aeacbce399144d6ec095270707a1fc311fec11a568da05c5d683e02f849a3fc33d1b57b8b79b5236f7d77a85cde980b18c34b3b13b4172718fc6bf493c73fb3ce85e39b8f32f2d2290fba834cf03feceba1781ae3ccb3b486339cf0a2b2f614f9fda72abf73b7fb4b17ec3eabed65ecff0096eeddf6db7381fda7fe12378dfe0ec91221f3d20ca95eaa42f18afcbffda47c29e0af88bf132f357f891fb3bf87bc6de29b828977acdb6b5a8e8f25f18c1457963b77085caedc900648cfa01fb6d7ba3c57b6461750508c608af37f12feca9e1af125f99e6b185989cfdc155529426ad357230b8dc46165cf869b83ee9b5f91f04fec4de036f1bbe85a0e89e04d27e1ef81fc3b732dd5968d60f34fba6942f9934d34a4bcaff28009c61703b57dadfb46e897da17c328a7d286dbed3b6cf01dbb8074219723b8c8e95e83e03f82da478047fa1db451fd145747adf87e0d76c4c132064618208aa8c54572c5686556b54ab3756ab6e4f76f73f0ff00e28f80be1678abe2adfeabaffecb9e1ad4f5fd42ee4b9bbbcb6d7f53b182799ce59fecf1bf963279c74e4d7e8a7ec212ea3e24f0ea5cdc69167a159d9d8db69da7e9d68ac20b0b682211c5126e25880a3b935ec5a97ec8fe18d4751370d630efdd9cec15dcf83be1e587832cbc8b489634f402b3851a7077845267462732c5e220a9d7a92925b26dbb1f9ebff051fd1acb528af740f167c39d23e23f85a7bf4d4d2c6f66b8b67b7b85509e647342c1d494c823bf19cf4af03fd8fb44f08fc32f890b3fc36f809a2780357d42192c2e355935ad47569e38241871109e4c46c471bb9e091dcd7eb978f3e0968fe3ecfdb6da397dd941ac2f0b7ecb1e1bf0b5f2dc5bd942aea72085143a14dcb9dc55c74f34c653a2f0f4eac941f44ddb5df43cefc73a0ea5a47c0db39acd48bed3c24f0e573874f99723ea057e627c68f879f0afc57f15b55d57c4dfb30787f59d7b51bd7babcbeb5f11ea9a7477533905dcc313ec04b64e00c73f527f6f2f3c2b6b7ba67d95e3531e318c579d6adfb23f86355bf33c9610176392760a752942a7c6ae461330c4e15b786a8e0def66d7e47ce9fb027dbfc43a3e9518f0e69de15d1344b01a7e97a5d82c9e4da4009206e91999d8924b313963c9ae13fe0a17a43dac37fa4ebbe04d0be22f843549d2e6e348d5a27da93a2b2a4d14884345200ccbb876623bd7df1e08f85ba6f81ed44767024407f7462a0f1d7c1ed27c771edbcb78e41eea2ab923cbc96d0cd626b2abedd49f3def7beb7ef73f0e26f0a7c238a42bff000c95e0de0ffd06f51ffe2a9d6be19f87304fbb4cfd94be1e42ccb822eaf350bb04f38e0c80639afd8b93f62af09c8f9fecf87fef81535a7ec6de14b66c8d3e0ffbe0563f54a1fc8bee3bff00b7b327be227ff813ff0033f2efe18eb5f14608dac3e1f782bc01f0a2dee53c9964f09f8662b3ba91381869df7ca4f03e6dd9f7afa4ff0064cff827cea775e277f1178b2e6f355d56ea4f3a7babd91e69a56ee5998926bedbf0e7c04d07c384793650291dc20aebecb4b874f4c448aa07a0ada318c55a2ac79d5abd4ab2e6ab26df9bb947c1de1783c2da3c56d0a0558d40000ab5afc467d26651dd08fd2aed23a875c1e86a8c8fcb2ff8289685a37886ea1d0fc73f0a347f899a1e9f753dde9eb737b75617164f28024d92c0c0e1b6a71fecfd31e7dfb15e85e19f03f8aaeedbe1c7c11d1fe1acdae5b1d3b51d45355bed52ea6b632248d12b5c31daa5a35cf07a76afd53f1dfc02d13c792efbcb58a43ea54550f07fecc7e1ef07de09adace1461ce428ac9d0a6e7cee2afdcee8e698c8d0fab46ac953fe5bbb7ddb1f83dff072e5bcda3fed6de0c8e5ce1fc388e8a7b0c8538fc41afcf6d3afc47c93c0e4d7eb27fc1dbdf08ee74df897f06fc596d6e5e0d4acaef440b126e7926491245181c92564000ff1ac3ff82457fc118e4b29f4df88ff00166c87da626173a5687280cb68c390f329e1e51c617958cf5dcfc2fc4d6c83118ec7ce8d25d6edf449ea7f4de43e21e0323e1ac363712efee2518af8a4e3eed97cd6ade8979d93d3ff008239ff00c11f5bc7fa969bf11fe2e69cf16930b25d693e1eba4ff8f8e432cd7487b7dd2b09ea30cfc615bf727c31a541a4e971c56d1ac5047948d146000091f9d789f8624b6f0f451463cbb7b7847ca090a17d7a9faf3df9ad1f8ebfb73fc35fd91fe0b6a7e35f1ef8a2cf48f0fe8916eb899865a57e8b1c4bd6591b8c2ae4926befb0f9050cbb0ea96197abeadf77fd687f3af1671e667c5198fd7732968b48417c305d92eefed3de4f7d124bd17e32fc67f0b7ecf7f0cb58f1978d35cd3fc39e19d06ddaeaff0050bd94470c11a8c9e4f527a003927000cd7f3edff054bff82b9eb7ff000501f138816daf340f84fa5ce2e341f0cdd2f9736b2e9ca6a5aa267d7e686d4f0010d20cf15e69ff00052fff0082b2f8bbfe0a4bf115352d6a0b8f0e7c38d12e04fe16f064d27cbb87dcd435103892e0f5488e562ce4e4e2be3cf1578e25d6ef242d334acec4b33c996909ea4d7c267d9dceab784c13d3ed497e4bfcfee3fa2bc28f0b70d808c33fe258de5bd3a2ff0009545f947ff02ec7a8fc2dd1351fda4fe3ce87e1b83ed17771ae5e8131525de45cee73f520103dc8afead7f66ef83d69f00fe07786bc25651c51c5a358c70308c7ca5fef391f57663f8d7e0cff00c1b11fb3427c5cfdab752f1b5f42935af85edf16bb8657cc0412c3fe0463ff00be5bd2bfa1d3fbb4f602baf84f2e5428caadb57a7c97fc1fc8f97fa40718d5cd733a38072f7692e66ba734b6fba36b7948f32f8c5a8160508c84ce096e9f31afe7abfe0e14fda107c44fdacad7c1f6939934ff0003d98b765078fb4c9f3ca7f545ff00b675fbb9fb587c55b4f84fe08f117897506f2acb40b19afa524ff714b7eadc01ee2bf944f8ff00f156f3e30fc63f12f89af6669eeb5ad426ba92466cee6772c7f526bdce2bc438e1e9e163f6b57e8bfe0b5f71f31e0a658a58faf9bd4da947963fe29deed7a41493ff0012398698331ac3d6ee46d39356e5bbfdd9e718eb587ab5c939af8bc352f7ae7ed99de3d7b2b5ceabf657d3a6d77f6b4f861676848b9baf16e951c6475526f22e6bfb6cafe3ebfe086ff08ae3e387fc15b3e0869515a1ba82cfc40bac5daf6482d11ee1d8fb0d83f122bfb05afb5cba36a67f34f1957f698a8c5745f98514515e81f1e1451450014514500145145001451450014514500145145001451450014514500145145001451450014514500145145001451450014514500145158ff104ea1ff0816b7fd92bbf55fecf9fec4bfde9bcb6f2c7fdf58a00f8b7f6d1f8bfe15fda23e2b691a53e8da56b5a6fc3fd49ee2d2f6e63deed7c14c6ed137f0a28254b0e58e704019a9ac3c69aa6b302849feca8aa1563b7508100e807b7a62be51f86fe279ac6de186e7cd5b98be5b80ff784a0fef037beeddfad7b7782fc62a6104b638e79afa0c3c234e368a382ad49cedcef45b797a1e936f6ecefbe47691bbb3b16fe75e25fb497fc138bc07fb6878bf48d53e235e7897593a049e6e9b691ea0f6f6566dfdf1029d85ffda604fbd7b1e93e2486e9141e38ad05be5072a7f5ada708ce2e33574c54ab54a535568c9c649dd35a34d6cd3e8cf06d03fe0863f00751f9a7b6f131673963fda4dc9aefbc1fff000405fd9cee18eeb2d7198e0059af9b1e9d430f5af4ed2fc63f600327a1aea34bf8b2b68430936b0ef9e95e54b21cbdab468417fdbb1ff23e9e5c7bc4f3779e635dfad6a9ff00c91d1fec75ff0004f2f87ffb0fddead378220bbb7fedb445b959a669036ccedc649c6373f03aee39ed5eb3e3df14c7e1dd1a46322ac8548404ff00171fc8367f2ae23c29fb45d84964cb72c4ba027217ef1fcfeb5e4df1a3e3cc7abde4ac24c6170171d05461f2ff0067251b2515b25a2fb8f171b98d6c54dd6af3739cb7949b6dfab7abec703fb68f85748fda13e19ea7e13d6aef508f49d5702efecb70619645560db778e40dc3b75afce6f899ff0004b8f83ba4194dbd96b0bc9eba8b9247d2becbf891f137ed65f0e738af05f1ff008a4de3e370e4f527a5746270987ad2e6ad0526bba4ff00336cbf3dccf03074b05889d38b776a3394537dda4d743f31bfe0a19f073c0ffb3cc1a4e95e1b82f1755d58bcd33dc5cb48238178000f52ddfdabe43d52f73babd7ff006e5f8cc3e307ed21e21d42da4274eb397fb3ec806c8f2a2f9723ea727f1af39f831f06bc47fb49fc63f0ef813c23a7cfab7897c577d1e9f616b10c977738dc7d1546598f65527b57c3d6a709e264e94525b2b1fb5d0c7e2296554d636a4a73b5db936debadaefb5ec7ec7ffc19c3fb1c4baf7c4cf889f1db52b4ff0041d1ad57c2da24ae87e7b8976cb72c8dfecc62353ff5d6bfa01af11ff82757ec55a27fc13e3f63bf057c2bd13ca9bfe11eb253a8dea47b3fb4ef9fe6b8b823afcf2138cf450a3b57b757bb469f24144fc7f32c5fd67112abd3a0514515a9c21451450014514500145145001451450014514500145145001451450014514500145145001451450014514500145145001451450014514500145145007cd3fb55ff00c133fc37fb43eab2eb5a1ebba97c3ef124fbda6bbd36de19edaeddbfe5a4d6f20dace08fbcaca4e4e739cd7ce57fff00046bf8eba5c770748fda4344dc8ac6dbed7e0487e66c7cbbcacdd33d703a57e91d145e5d24d7a367452c4b84795462fd6316fef6aff89fcb5fed67ff00052dfdad3f611f8e7abfc3cf8811691a478834770093a546d05f447ee5c40fd24898630c3dc100822bce21ff008386fe3fdb9dbfda3a2fd7fb2e1afe92bfe0a51ff04b5f85dff0542f841ff08df8fb4e306ad608eda27886cd55751d16561d518fdf8c903744df2b63b1c11fccdffc14effe0853f1bbfe09b3ae5e5feafa24de2df87cb2b7d97c59a342d35a2c5bbe4fb4a01bade423a86f9739c33019ae2a92c541dd5495bd59f5781c6e5d5d28ca84233ff0ab3f437ffe2210f8fb7073fda9a40ffb86435f47ff00c135bfe0a59f1d3f6c7f8e71d86b5add845e18d3207bbd4bc9d3634775fba881c74dcc1bf0535f901670c925cc68bc991822e3b92703f9d7ec67fc121fe195afc1cfd9fe6d6268c45a8789e6122b1ebf6741b507e23e6fab1ad3015713531318ba8da5abd4e9cf16029659526a8414db518b5149ddeadaf44adf347e86da7c519e01812e17b0ce702bc9ff006a6fda562f83ff0007fc4de27ba9d71a4d9492c2bde4948c46a3eac47e559b7de385b539f30118cf06bf3fbfe0b53fb4c359f81346f0559dc1f375397edf7801c908b911a9fc493ff01af7f178974a94a6b7e9ebd0f81cab06b138a85196cdebe8b57f82763c5354ff0082ccfc68bd95cb6ada511938c69b18e2b9bd6ffe0ab5f15bc41653c171a869a63b88da26db611ab61810704720f35f2e4d7a4a9c13f4af5cfd8d7f611f8b9fb7efc424f0dfc2af066abe28b85755bbbb8d7cbb0d3558e37dc5c36238c7d4e4f606be5235314d5b9dfde7e955ff00b269fbdec60be479ddb25d78975486d6d229ef6f6f2658208214324d71239c2aaa8e59893c01c935fd2e7fc1b99ff042f7fd82bc1717c5df8a3a6c4bf18fc4b6863b3b0906e3e14b1907317a0b9907fac23ee03b33f7abacff0082337fc1b9fe06ff00826eb59f8ebc717161f103e30ec0d1df183fe25de1d6e72b648c3717e7999c6e381b42739fd2aaeac3e1553d5ee7cc6719e4f16fd9c3e1fcc28a28aeb3e7828a28a0028a28a0028a28a0028a28a0028a28a0028a28a0028a28a0028a28a0028a28a0028a28a0028a28a0028a28a0028a28a0028a28a0028a28a0028a28a0028a28a002a1bfb08354b296dae618ae2de7431cb14a81d2452305581e0823b1a9a8a00fcdcff82a17fc1bebfb3dfc6df847e38f1df85fe1ff00fc22df11b4cd32e755b297c373359c37b73146ceaaf6a330b6ec63e54563c739c57e797c36f1d43a4fc39d0eded9b6416f631c68338db85008c76e73f957f45ecbbc62be3ff8ddff000449f835f17fc637baed8aebfe0cbbd45da5b98344b88e3b37918e59c43246e109e7842abc93b735542d4e6e7dd1b57c454ab463464eea2db57f3493ff00d251f941ab7c5d8744d3a6b9bc95d6de11f31552eccc7a2aa8e59d8e02a8e4935b09ff0006b67c65fdbcfc59a7fc46f885e3dd03e1c69de2085274d0dac67bdd5b4bb63feae39572912cbb7059771da49079cd7eb67ecc9ff048df833fb2ff008a2dbc4163a45ef8a3c4b61319ec754f10ceb792e9cc4633020558a3239c384de327e6afa729d797b5b27b2270f56541374f77d7cbb7f5ff000ff953fb2a7fc1a29fb367c12960bdf1eddf89fe2d6a70b2b14d4273a769c48ffa7781b7104f6695857e9a7c2ef845e15f823e10b7d03c1de1cd13c2da25a0c4563a55947690270067620033c0c9ea7bd7454566925b054ab39bbcddc28a28a666145145001451450014514500145145001451450014514500145145001451450014514500145145001451450014514500145145001451450014514500145145001451450014514500145145001451450014514500145145001451450014514500145145001451450014514500145145001451450014514500145145001451450014514500145145001451450014514500145145001451450014514500145145001451450014514500145145001451450014514500145145001451450014514500145145007fffd9, 'RyIEslHzk05rWjxI9qOcYLLrEG8g6mIbL55aONse2VN2XZmJAWBIrS30zhZP', '0000-00-00 00:00:00', '2018-05-16 06:17:23');

--
-- Índices para tablas volcadas
--

--
-- Indices de la tabla `encuestas`
--
ALTER TABLE `encuestas`
  ADD PRIMARY KEY (`id`),
  ADD KEY `encuestas_sismo_id_foreign` (`sismo_id`);

--
-- Indices de la tabla `entidadfed`
--
ALTER TABLE `entidadfed`
  ADD PRIMARY KEY (`id`);

--
-- Indices de la tabla `municipios`
--
ALTER TABLE `municipios`
  ADD PRIMARY KEY (`id`);

--
-- Indices de la tabla `password_resets`
--
ALTER TABLE `password_resets`
  ADD KEY `password_resets_email_index` (`email`),
  ADD KEY `password_resets_token_index` (`token`);

--
-- Indices de la tabla `sismos`
--
ALTER TABLE `sismos`
  ADD PRIMARY KEY (`id`);

--
-- Indices de la tabla `users`
--
ALTER TABLE `users`
  ADD PRIMARY KEY (`id`),
  ADD UNIQUE KEY `users_email_unique` (`email`);

--
-- AUTO_INCREMENT de las tablas volcadas
--

--
-- AUTO_INCREMENT de la tabla `encuestas`
--
ALTER TABLE `encuestas`
  MODIFY `id` int(10) UNSIGNED NOT NULL AUTO_INCREMENT, AUTO_INCREMENT=101;
--
-- AUTO_INCREMENT de la tabla `entidadfed`
--
ALTER TABLE `entidadfed`
  MODIFY `id` int(10) UNSIGNED NOT NULL AUTO_INCREMENT;
--
-- AUTO_INCREMENT de la tabla `municipios`
--
ALTER TABLE `municipios`
  MODIFY `id` int(10) UNSIGNED NOT NULL AUTO_INCREMENT;
--
-- AUTO_INCREMENT de la tabla `sismos`
--
ALTER TABLE `sismos`
  MODIFY `id` int(10) UNSIGNED NOT NULL AUTO_INCREMENT, AUTO_INCREMENT=4;
--
-- AUTO_INCREMENT de la tabla `users`
--
ALTER TABLE `users`
  MODIFY `id` int(10) UNSIGNED NOT NULL AUTO_INCREMENT, AUTO_INCREMENT=5;
--
-- Restricciones para tablas volcadas
--

--
-- Filtros para la tabla `encuestas`
--
ALTER TABLE `encuestas`
  ADD CONSTRAINT `encuestas_sismo_id_foreign` FOREIGN KEY (`sismo_id`) REFERENCES `sismos` (`id`) ON DELETE CASCADE ON UPDATE CASCADE;

/*!40101 SET CHARACTER_SET_CLIENT=@OLD_CHARACTER_SET_CLIENT */;
/*!40101 SET CHARACTER_SET_RESULTS=@OLD_CHARACTER_SET_RESULTS */;
/*!40101 SET COLLATION_CONNECTION=@OLD_COLLATION_CONNECTION */;
